GEOID,B03002_001E,B03002_001M,B03002_003E,B03002_003M,B03002_004E,B03002_004M,B03002_005E,B03002_005M,B03002_006E,B03002_006M,B03002_007E,B03002_007M,B03002_008E,B03002_008M,B03002_009E,B03002_009M,B03002_012E,B03002_012M,B01001_001E,B01001_001M,B01001_003E,B01001_003M,B01001_004E,B01001_004M,B01001_005E,B01001_005M,B01001_006E,B01001_006M,B01001_027E,B01001_027M,B01001_028E,B01001_028M,B01001_029E,B01001_029M,B01001_030E,B01001_030M,B01001_020E,B01001_020M,B01001_021E,B01001_021M,B01001_022E,B01001_022M,B01001_023E,B01001_023M,B01001_024E,B01001_024M,B01001_025E,B01001_025M,B01001_044E,B01001_044M,B01001_045E,B01001_045M,B01001_046E,B01001_046M,B01001_047E,B01001_047M,B01001_048E,B01001_048M,B01001_049E,B01001_049M,B25044_001E,B25044_001M,B25044_003E,B25044_003M,B25044_010E,B25044_010M
130670303191,1335,266,801,182,52,45,0,14,299,163,0,14,15,23,12,18,156,124,1335,266,12,21,35,31,54,40,26,28,6,10,15,18,79,45,13,20,26,25,24,29,37,33,82,45,0,14,13,21,0,14,13,21,82,45,26,26,13,21,25,27,513,94,24,26,0,14
130670303192,1214,259,1074,257,43,72,0,14,63,61,0,14,0,14,6,10,28,46,1214,259,35,29,85,50,67,47,59,52,34,39,78,59,38,37,31,32,0,14,0,14,30,31,9,12,0,14,0,14,0,14,23,24,0,14,34,29,4,6,0,14,432,88,0,14,0,14
130670303193,1896,396,1172,322,28,30,0,14,455,206,0,14,0,14,92,74,149,96,1896,396,72,80,96,67,59,41,52,39,10,17,32,34,26,28,64,48,15,19,7,13,30,32,9,14,25,33,36,33,10,16,19,21,60,46,37,35,47,42,12,17,794,138,33,40,0,14
130670303271,2181,376,1601,358,51,88,0,14,228,132,0,14,0,14,173,161,128,114,2181,376,84,50,57,31,64,43,38,39,36,29,63,48,38,35,193,154,19,27,45,33,63,47,26,25,0,14,0,14,21,29,28,26,76,49,19,20,38,35,0,14,717,123,0,14,0,14
130670303272,1550,663,815,260,499,607,0,14,130,101,0,14,22,39,84,76,0,14,1550,663,18,19,20,22,63,82,25,31,12,14,63,48,72,53,0,14,0,14,37,38,27,22,14,16,0,14,10,14,0,14,9,13,36,24,0,14,0,14,12,20,598,298,0,14,0,14
130670303273,1391,296,931,220,110,104,0,14,58,68,0,14,74,117,30,29,188,109,1391,296,23,27,7,13,77,50,27,25,70,50,41,39,64,40,21,24,24,22,72,87,35,25,17,18,8,12,14,16,62,39,49,33,38,28,15,16,0,14,0,14,551,127,0,14,0,14
130670303311,2035,508,1742,477,16,23,0,14,213,113,0,14,0,14,11,18,53,80,2035,508,63,46,26,36,129,112,52,50,12,21,106,92,189,101,38,44,25,29,12,20,70,58,55,47,11,20,27,23,28,27,0,14,128,82,32,40,28,31,43,43,779,209,0,14,0,14
130670303312,951,466,494,279,293,309,0,14,120,161,0,14,0,14,0,14,44,59,951,466,0,14,16,29,37,58,20,36,0,14,50,54,24,48,49,56,61,97,7,38,41,50,1,3,0,14,0,14,93,97,6,36,39,31,17,26,0,14,0,14,379,174,0,14,0,14
130670303313,1160,334,1020,322,24,48,0,14,58,96,0,14,0,14,24,33,34,47,1160,334,99,117,51,50,11,23,35,58,19,31,56,52,34,47,7,22,0,14,11,18,36,36,6,10,8,16,0,14,16,29,11,18,32,32,7,14,12,20,0,14,462,121,29,46,0,14
130670303314,1212,434,920,357,0,14,0,14,106,134,0,14,0,14,10,16,176,194,1212,434,21,34,72,72,46,73,0,14,122,108,92,82,36,41,27,32,13,20,0,14,68,54,0,14,10,16,0,14,17,22,0,14,77,54,0,14,5,9,0,14,399,116,0,14,0,14
130670303321,1578,208,1289,207,0,14,0,14,101,81,0,14,0,14,148,97,40,37,1578,208,87,68,25,24,153,85,29,21,59,41,80,50,57,37,52,36,44,36,22,24,42,29,20,24,8,13,0,14,23,24,51,30,25,25,27,24,0,14,0,14,514,75,0,14,0,14
130670303322,1445,397,1055,380,28,34,0,14,311,84,0,14,5,8,46,52,0,14,1445,397,12,19,34,32,19,24,22,23,24,27,13,18,43,38,69,71,23,23,28,26,118,53,30,37,8,13,0,14,17,19,41,30,71,38,8,13,0,14,0,14,558,161,0,14,19,32
130670303341,1119,278,784,196,9,14,0,14,229,164,0,14,9,14,51,48,37,55,1119,278,28,26,27,32,33,35,69,67,15,16,19,22,39,41,39,39,29,27,28,25,0,14,14,15,20,23,43,50,15,18,0,14,38,30,25,24,20,22,19,21,436,85,0,14,0,14
130670303342,2260,330,1497,364,177,190,0,14,348,78,0,14,22,33,50,48,166,115,2260,330,61,39,71,44,180,61,34,29,42,42,116,61,172,108,51,30,27,26,9,14,58,44,37,29,39,33,37,30,17,21,33,27,51,35,29,25,63,51,7,11,731,94,0,14,0,14
130670303351,1282,387,963,372,14,22,0,14,115,86,0,14,0,14,30,34,160,147,1282,387,47,55,74,67,111,81,60,52,16,23,79,69,50,42,14,13,0,14,12,20,8,13,12,16,19,31,0,14,21,17,14,15,54,57,26,33,8,12,23,35,428,115,0,14,0,14
130670303352,1181,271,1041,272,0,14,0,14,46,66,0,14,0,14,0,14,94,84,1181,271,8,12,52,50,52,39,76,66,24,27,38,42,109,71,20,23,8,13,0,14,21,20,12,13,26,22,7,13,7,12,9,14,28,22,15,18,21,20,9,14,387,75,0,14,0,14
130670303353,1061,272,727,163,149,205,0,14,86,69,0,14,0,14,16,20,83,93,1061,272,43,44,58,44,42,40,43,27,4,6,22,29,33,29,40,50,61,50,8,12,29,28,34,25,25,31,8,12,44,46,25,20,30,23,15,18,11,13,16,18,359,76,10,15,0,14
130670303354,1404,328,1216,303,26,40,0,14,31,51,0,14,16,26,55,50,60,47,1404,328,85,78,26,25,20,23,59,39,33,29,71,57,23,22,14,17,79,86,50,43,53,50,21,21,27,24,0,14,0,14,41,37,33,29,21,16,19,21,0,14,504,113,10,16,0,14
130670303371,2204,553,1851,474,0,14,0,14,191,103,0,14,0,14,154,208,8,12,2204,553,10,16,124,65,76,43,111,64,30,33,126,82,75,72,191,140,19,29,37,27,26,20,42,26,8,12,0,14,18,27,26,24,60,30,14,16,11,14,11,18,642,133,0,14,0,14
130670303372,2029,470,1517,430,63,84,0,14,138,87,17,28,33,30,155,86,106,97,2029,470,43,54,69,62,150,94,67,60,29,26,33,30,83,51,53,36,109,137,45,28,43,27,14,16,23,37,0,14,143,194,28,24,42,30,31,29,9,11,8,13,830,241,0,14,8,13
130670303373,920,335,718,311,112,128,0,14,31,35,0,14,0,14,50,64,9,15,920,335,58,63,96,116,29,26,10,17,25,40,74,73,30,28,0,14,0,14,14,15,7,11,7,11,10,16,25,39,0,14,40,40,41,48,7,11,35,42,7,11,331,91,0,14,0,14
130670303431,2476,1138,2141,1148,34,55,0,14,109,73,0,14,0,14,118,76,74,63,2476,1138,59,42,81,47,111,66,19,22,21,23,276,421,36,31,73,45,0,14,38,34,70,53,35,27,56,41,18,21,35,43,32,28,53,36,52,34,10,15,10,15,850,343,0,14,0,14
130670303432,1906,289,1564,285,107,82,0,14,69,64,0,14,19,29,39,43,108,76,1906,289,12,19,111,89,76,61,46,43,66,46,76,52,130,68,54,46,28,27,12,21,59,39,0,14,0,14,0,14,9,14,31,28,37,29,10,15,0,14,9,14,625,106,0,14,0,14
130670303441,1050,371,323,188,509,341,0,14,22,33,0,14,0,14,162,121,34,29,1050,371,0,14,0,14,0,14,0,14,72,86,0,14,21,32,0,14,0,14,0,14,0,14,0,14,0,14,0,14,12,19,85,51,0,14,0,14,29,49,0,14,619,134,0,14,0,14
130670303443,1623,519,795,374,607,219,0,14,147,156,0,14,28,34,16,25,30,43,1623,519,52,58,0,14,13,21,53,62,27,40,0,14,0,14,0,14,0,14,0,14,21,33,0,14,0,14,0,14,0,14,0,14,20,31,0,14,0,14,0,14,906,228,0,14,19,28
130670303451,1225,426,620,314,224,174,0,14,309,281,0,14,0,14,72,73,0,14,1225,426,0,14,0,14,0,14,0,14,112,94,27,50,0,14,0,14,0,14,0,14,39,62,0,14,0,14,0,14,0,14,0,14,72,73,0,14,0,14,31,42,756,266,0,14,91,113
130670303452,4385,1121,1902,613,1205,645,0,14,135,95,0,14,4,7,198,236,941,1154,4385,1121,37,71,0,14,181,264,0,14,250,271,181,262,0,14,0,14,0,14,0,14,0,14,0,14,0,14,0,14,0,14,0,14,0,14,0,14,0,14,0,14,2391,387,0,14,0,14
130670303453,1742,366,461,228,680,281,0,14,85,79,0,14,0,14,40,60,476,150,1742,366,0,14,0,14,0,14,0,14,0,14,0,14,0,14,0,14,0,14,0,14,0,14,319,94,0,14,0,14,0,14,0,14,32,65,0,14,0,14,0,14,1059,273,0,14,10,17
130670303454,976,456,152,150,284,275,0,14,540,389,0,14,0,14,0,14,0,14,976,456,97,96,0,14,17,27,0,14,82,85,0,14,0,14,0,14,0,14,0,14,0,14,0,14,0,14,0,14,0,14,0,14,0,14,0,14,0,14,0,14,452,187,0,14,50,64
130670303501,1078,219,738,206,53,45,0,14,132,85,0,14,47,30,83,62,25,26,1078,219,17,22,28,20,85,41,29,25,9,14,10,16,65,40,13,15,8,11,31,29,28,29,5,7,0,14,0,14,5,8,12,14,22,25,4,9,14,15,21,26,395,76,0,14,0,14
130670303511,1392,401,1091,387,0,14,0,14,20,33,0,14,97,149,58,57,126,121,1392,401,64,48,9,15,17,27,0,14,86,88,146,129,33,50,0,14,0,14,26,29,38,46,33,30,39,37,0,14,0,14,35,57,27,33,35,34,16,18,17,28,499,79,0,14,0,14
130670303512,2217,813,1567,736,237,230,0,14,24,40,0,14,0,14,113,108,276,385,2217,813,118,117,201,142,196,259,23,35,129,117,97,73,175,145,215,218,0,14,19,22,35,34,48,33,0,14,11,17,10,17,0,14,48,40,12,19,12,18,0,14,586,230,0,14,0,14
130670303521,1889,474,1484,315,166,166,0,14,101,114,0,14,0,14,138,170,0,14,1889,474,28,26,136,87,101,74,30,50,29,26,45,62,97,78,19,20,15,24,25,26,21,24,71,69,17,22,0,14,21,25,16,26,20,23,67,51,17,24,10,15,548,102,26,29,0,14
130670303522,2162,762,1749,845,164,156,0,14,161,209,0,14,0,14,32,36,56,58,2162,762,189,273,30,26,67,59,149,104,7,12,20,25,33,32,15,24,19,27,0,14,81,48,241,261,21,23,50,67,8,13,18,26,244,339,58,73,32,30,41,65,772,297,0,14,0,14
130670303523,1669,431,1129,384,7,12,0,14,411,139,0,14,0,14,62,65,60,104,1669,431,0,14,77,62,50,67,47,45,41,33,46,43,50,39,36,34,13,21,21,26,12,19,60,55,70,86,182,279,12,20,71,102,102,64,18,21,41,35,7,12,729,305,0,14,189,280
130670303531,329,165,198,124,18,30,29,39,67,81,0,14,0,14,0,14,17,28,329,165,0,14,0,14,0,14,0,14,0,14,0,14,0,14,0,14,0,14,0,14,0,14,0,14,0,14,0,14,0,14,0,14,0,14,0,14,0,14,0,14,224,111,0,14,0,14
130670303532,594,212,299,112,214,155,0,14,31,30,0,14,0,14,7,14,43,86,594,212,0,14,0,14,13,23,4,20,0,14,0,14,0,14,0,14,0,14,0,14,27,19,7,12,1,7,0,14,6,10,20,22,13,15,3,6,11,18,1,6,308,88,0,14,0,14
130670303533,2221,529,880,423,478,194,0,14,317,229,0,14,28,47,87,91,431,483,2221,529,0,14,0,14,74,116,61,97,0,14,59,115,72,60,76,42,33,39,58,48,42,50,0,14,0,14,45,55,16,20,32,38,15,23,27,31,60,61,45,52,1291,200,15,25,0,14
130670303541,2100,403,725,278,261,147,0,14,623,289,0,14,79,94,243,206,169,132,2100,403,45,38,26,27,111,79,24,39,20,22,176,99,84,60,54,56,10,16,0,14,0,14,0,14,0,14,0,14,14,23,62,61,9,15,32,30,8,14,8,14,901,150,65,76,0,14
130670303542,2264,444,1583,417,114,122,0,14,173,65,0,14,0,14,164,102,230,151,2264,444,8,13,84,71,100,65,150,118,141,105,36,43,51,49,92,70,40,33,44,45,110,49,24,29,8,13,7,10,22,25,82,43,51,37,20,25,0,14,20,24,775,128,23,28,0,14
130670303543,375,210,274,141,0,14,0,14,15,23,0,14,0,14,50,79,36,61,375,210,22,36,0,14,0,14,0,14,61,61,15,24,0,14,0,14,16,26,9,14,18,21,8,13,0,14,0,14,10,17,8,13,37,27,0,14,0,14,10,19,158,95,0,14,0,14
130670303551,1734,336,724,243,573,234,0,14,122,119,0,14,20,32,203,164,92,55,1734,336,0,14,0,14,16,26,0,14,14,23,11,17,0,14,0,14,9,15,0,14,0,14,31,51,0,14,0,14,0,14,17,27,83,134,0,14,0,14,12,18,1107,211,0,14,40,47
130670303561,2850,620,1540,438,774,382,0,14,155,139,0,14,0,14,48,54,333,174,2850,620,0,14,0,14,0,14,15,25,60,55,0,14,0,14,0,14,0,14,84,129,16,25,0,14,63,74,0,14,0,14,0,14,0,14,0,14,71,110,0,14,1542,271,0,14,63,74
130670303562,1267,345,630,265,122,117,0,14,426,251,0,14,34,54,37,38,18,30,1267,345,0,14,0,14,5,10,0,14,11,21,0,14,0,14,7,11,0,14,30,41,0,14,0,14,0,14,0,14,0,14,59,95,29,39,0,14,0,14,0,14,781,197,0,14,9,14
130670303563,425,445,358,441,67,75,0,14,0,14,0,14,0,14,0,14,0,14,425,445,0,14,0,14,0,14,0,14,0,14,0,14,0,14,0,14,0,14,0,14,0,14,0,14,0,14,0,14,0,14,0,14,0,14,0,14,0,14,0,14,262,240,0,14,65,99
130670303571,1203,212,905,206,31,46,0,14,63,82,0,14,0,14,32,36,172,102,1203,212,34,34,44,32,44,26,26,23,0,14,26,25,55,53,0,14,40,44,33,52,91,65,14,19,0,14,8,11,28,29,55,31,28,21,0,14,0,14,8,12,488,102,0,14,0,14
130670303572,902,167,657,158,16,19,3,5,59,49,0,14,0,14,64,64,103,81,902,167,25,28,0,14,31,35,23,20,0,14,18,16,34,31,21,19,0,14,8,13,20,24,3,5,0,14,7,11,0,14,20,21,48,38,14,18,0,14,17,18,321,64,3,5,0,14
130670303581,1862,394,1559,404,60,56,0,14,159,122,0,14,0,14,20,26,64,63,1862,394,31,35,58,53,82,52,35,37,20,27,64,46,46,41,30,35,51,67,14,21,26,32,39,33,0,14,106,151,0,14,38,36,116,97,0,14,30,35,19,25,666,128,0,14,0,14
130670303582,1636,584,930,554,10,17,0,14,639,177,0,14,0,14,28,39,29,53,1636,584,1,2,87,56,49,45,23,34,31,39,75,42,7,13,69,44,13,22,25,28,18,22,0,14,0,14,0,14,10,17,16,30,0,14,11,17,28,35,9,15,567,271,0,14,0,14
130670303591,1282,288,1069,274,1,3,0,14,146,90,0,14,0,14,35,51,31,44,1282,288,0,14,29,25,55,47,44,37,0,14,0,14,45,46,16,27,21,23,18,22,68,87,36,26,41,30,7,14,29,26,41,32,86,85,35,25,58,47,0,14,584,108,8,14,0,14
130670303592,1163,283,694,174,67,84,0,14,78,85,0,14,107,174,119,97,98,101,1163,283,16,18,71,57,59,55,22,24,9,15,94,115,48,37,59,39,14,22,0,14,9,15,14,21,8,13,0,14,0,14,53,53,14,22,42,31,0,14,15,20,394,84,25,43,20,29
130670303593,1706,374,889,293,399,327,0,14,181,116,18,32,84,119,83,58,52,59,1706,374,33,30,39,34,10,11,40,44,53,48,33,23,131,75,52,46,0,14,52,42,9,15,21,21,0,14,0,14,0,14,32,23,16,17,17,20,0,14,12,21,513,98,0,14,0,14
130670303601,1181,269,844,181,54,87,0,14,23,18,0,14,10,11,94,65,156,171,1181,269,6,9,23,20,11,12,29,28,11,13,52,31,62,44,14,13,51,40,12,13,6,10,19,21,19,29,5,10,13,17,18,13,8,14,22,17,20,29,0,14,481,141,0,14,0,14
130670303602,878,176,723,165,15,24,0,14,25,30,0,14,9,15,21,22,85,60,878,176,48,42,13,12,14,16,26,20,54,46,19,21,30,28,5,8,0,14,21,25,41,31,6,10,13,15,0,14,0,14,10,12,37,30,19,18,0,14,7,11,321,65,0,14,0,14
130670303651,1607,360,1263,338,44,61,0,14,62,74,0,14,0,14,47,51,191,175,1607,360,46,47,60,62,58,61,54,47,30,29,15,22,69,48,80,56,8,14,23,27,35,37,23,20,46,46,24,29,18,21,0,14,25,28,84,73,47,42,9,14,558,112,13,22,0,14
130670303652,1379,336,1046,306,91,84,0,14,35,44,0,14,36,57,20,24,151,92,1379,336,65,43,46,44,38,40,4,11,25,32,69,49,32,41,14,18,0,14,12,20,64,47,162,100,0,14,0,14,11,18,22,24,67,43,25,28,0,14,0,14,580,167,0,14,0,14
130670303661,1467,287,879,259,90,114,0,14,404,246,0,14,0,14,30,55,64,79,1467,287,82,51,66,52,103,62,119,63,23,25,34,40,11,20,14,25,0,14,0,14,37,32,63,43,36,28,0,14,0,14,0,14,18,21,75,35,9,15,26,45,529,110,0,14,28,35
130670303662,1671,799,1168,727,12,20,0,14,249,162,0,14,95,112,13,19,134,125,1671,799,0,14,71,62,26,32,11,20,215,273,28,45,133,82,36,33,10,17,44,30,6,9,9,16,10,16,20,22,21,24,20,22,21,21,15,17,38,35,0,14,556,241,0,14,0,14
130670303691,1909,743,1537,735,1,4,0,14,212,95,0,14,0,14,27,24,132,99,1909,743,37,34,57,36,43,37,58,64,13,19,85,72,135,99,81,56,7,13,22,25,35,30,0,14,6,9,30,35,20,21,7,12,51,37,5,9,9,15,0,14,646,278,0,14,0,14
130670303692,1482,321,1165,260,0,14,0,14,122,98,0,14,0,14,156,200,39,41,1482,321,45,57,57,34,57,80,54,40,116,88,26,29,51,41,29,37,3,7,65,67,29,30,29,25,13,20,0,14,27,26,73,65,57,49,55,45,0,14,0,14,520,84,0,14,0,14
130670303701,947,236,765,228,55,81,0,14,27,24,0,14,0,14,47,51,53,61,947,236,0,14,34,33,21,25,10,17,0,14,23,29,18,22,24,26,39,29,61,51,52,57,12,20,12,20,12,20,23,26,35,34,42,39,33,31,12,20,0,14,438,121,0,14,0,14
130670303702,1965,613,1554,612,39,64,0,14,181,103,0,14,0,14,77,56,114,104,1965,613,52,44,39,38,64,45,67,49,93,100,53,44,57,40,90,61,53,49,37,40,64,63,15,25,0,14,0,14,11,17,28,28,41,28,15,24,0,14,0,14,696,317,0,14,0,14
130670303703,1144,360,894,351,22,28,6,9,145,107,0,14,0,14,8,13,69,80,1144,360,0,14,137,153,60,52,44,36,20,34,43,43,24,28,6,10,13,21,0,14,51,43,13,21,13,20,0,14,17,26,23,29,39,35,60,46,18,25,0,14,369,95,0,14,0,14
130670304051,1890,792,188,192,958,715,64,83,0,14,0,14,62,105,572,455,46,73,1890,792,231,224,0,14,0,14,20,34,47,75,117,150,69,100,73,86,0,14,0,14,0,14,0,14,0,14,0,14,0,14,0,14,0,14,0,14,0,14,0,14,648,232,0,14,201,207
130670304071,2424,808,1640,745,79,114,7,36,397,333,0,14,0,14,64,82,237,209,2424,808,82,80,70,55,26,44,71,66,98,79,29,39,28,33,0,14,11,18,19,30,58,47,203,289,32,32,44,43,5,9,68,53,68,53,225,273,16,26,37,38,983,372,8,15,0,14
130670304081,1813,424,671,230,292,229,0,14,265,196,0,14,0,14,441,323,144,148,1813,424,70,72,10,19,34,39,24,36,131,87,77,78,15,21,58,76,33,35,23,26,23,38,16,18,12,19,0,14,0,14,33,23,24,22,27,26,9,16,0,14,754,131,0,14,14,25
130670304082,1201,322,737,244,74,69,0,14,327,253,9,15,0,14,29,43,25,36,1201,322,46,46,0,14,5,9,8,12,58,49,60,48,76,65,5,10,9,14,21,24,28,28,32,50,0,14,0,14,29,27,16,19,0,14,32,50,17,26,0,14,498,118,0,14,37,55
130670304091,1983,334,1376,315,58,97,0,14,21,28,0,14,4,7,18,19,506,224,1983,334,7,16,52,45,85,60,12,17,35,25,10,15,22,31,50,58,9,15,42,37,28,34,59,61,42,37,0,14,12,19,43,30,32,28,88,63,98,58,10,15,773,132,0,14,0,14
130670304092,1435,281,652,278,215,186,0,14,332,159,0,14,0,14,86,58,150,145,1435,281,8,12,81,44,59,46,21,26,43,47,31,32,89,45,36,33,28,30,30,29,51,32,29,26,0,14,35,50,8,12,14,23,49,36,30,26,0,14,35,50,480,91,0,14,0,14
130670304133,2422,580,183,119,1092,392,0,14,268,179,0,14,555,494,135,213,189,278,2422,580,202,107,56,94,31,52,32,71,10,17,327,130,59,78,0,14,17,45,19,36,57,57,0,14,0,14,0,14,0,14,0,14,34,40,0,14,0,14,0,14,960,202,0,14,27,76
130670312071,1853,633,734,348,501,261,0,14,258,171,0,14,0,14,322,368,38,46,1853,633,0,14,0,14,46,65,0,14,0,14,0,14,0,14,43,61,40,50,0,14,61,63,0,14,63,97,0,14,0,14,0,14,21,33,86,98,18,29,0,14,1282,475,0,14,50,74
130670312072,1001,345,507,207,342,329,0,14,19,33,0,14,0,14,31,42,102,122,1001,345,0,14,0,14,0,14,0,14,0,14,0,14,0,14,0,14,0,14,0,14,0,14,0,14,0,14,0,14,0,14,0,14,27,45,0,14,0,14,0,14,691,219,0,14,11,21
130670312073,741,327,204,162,91,106,0,14,60,78,0,14,0,14,386,234,0,14,741,327,0,14,0,14,0,14,0,14,34,67,124,133,0,14,0,14,0,14,0,14,0,14,0,14,0,14,0,14,0,14,0,14,0,14,0,14,0,14,0,14,409,190,0,14,0,14
130670312074,2396,551,932,291,963,401,0,14,26,49,0,14,0,14,132,164,343,325,2396,551,0,14,0,14,23,37,0,14,0,14,40,63,0,14,24,45,0,14,0,14,65,61,0,14,17,27,0,14,0,14,17,30,68,67,6,11,50,49,18,29,1479,319,0,14,0,14
130670312121,1312,373,1109,342,24,31,0,14,0,14,0,14,31,48,32,33,116,117,1312,373,0,14,74,86,23,35,0,14,56,57,101,91,20,23,29,34,6,10,23,24,53,64,18,22,14,22,5,8,1,4,19,20,115,86,23,22,21,26,15,18,531,128,0,14,0,14
130670312122,1433,516,1203,505,168,190,0,14,58,88,0,14,0,14,4,37,0,14,1433,516,11,17,18,22,88,58,34,38,115,170,0,14,59,52,10,11,22,23,33,23,68,60,18,17,45,26,34,48,16,17,19,19,101,74,30,24,0,14,0,14,548,157,0,14,0,14
130670312171,1198,602,388,235,415,490,0,14,191,188,0,14,13,23,0,14,191,184,1198,602,90,82,107,106,0,14,0,14,64,99,34,48,0,14,0,14,0,14,0,14,0,14,0,14,0,14,0,14,0,14,0,14,8,13,0,14,0,14,0,14,448,200,18,30,41,46
130670312182,590,169,202,102,145,124,0,14,32,55,0,14,0,14,10,20,201,179,590,169,10,20,66,56,0,14,0,14,45,54,0,14,6,11,0,14,0,14,0,14,0,14,0,14,0,14,0,14,0,14,0,14,0,14,0,14,0,14,0,14,276,102,0,14,0,14
130890211011,2661,492,1811,393,176,186,0,14,308,195,0,14,0,14,242,134,124,131,2661,492,227,158,153,79,80,51,20,22,189,148,19,22,171,82,83,41,0,14,9,14,32,43,22,24,0,14,0,14,8,13,0,14,49,45,10,16,24,26,25,35,794,159,0,14,0,14
130890211012,2061,782,1413,315,0,14,0,14,546,577,0,14,0,14,67,57,35,57,2061,782,37,36,39,32,77,63,61,39,39,39,88,65,20,22,16,23,18,26,27,23,44,38,26,23,28,45,154,157,14,15,35,39,37,28,15,16,28,25,7,11,595,138,0,14,0,14
130890211031,912,261,479,159,233,211,0,14,70,86,0,14,10,24,19,30,101,74,912,261,0,14,0,14,20,32,8,30,0,14,0,14,27,38,0,14,0,14,0,14,0,14,0,14,0,14,0,14,14,23,0,14,0,14,0,14,0,14,0,14,228,117,0,14,25,40
130890211032,925,487,691,372,0,14,0,14,71,99,0,14,0,14,92,89,71,91,925,487,34,35,25,31,8,14,0,14,53,41,76,50,0,14,21,35,15,25,0,14,25,37,11,18,0,14,0,14,14,24,13,21,38,41,0,14,0,14,0,14,312,131,0,14,0,14
130890211033,830,270,553,251,0,14,19,44,64,71,0,14,0,14,43,68,151,197,830,270,0,14,29,49,30,52,0,14,0,14,0,14,43,68,0,14,0,14,26,30,30,39,19,44,0,14,19,31,27,33,0,14,25,32,17,26,0,14,16,24,370,94,13,22,0,14
130890211034,1933,376,882,309,326,155,0,14,321,221,0,14,0,14,156,90,248,245,1933,376,41,49,223,151,99,45,0,14,0,14,12,21,40,40,0,14,0,14,0,14,32,50,0,14,0,14,0,14,0,14,0,14,25,40,0,14,0,14,0,14,1107,212,0,14,131,125
130890211041,1032,347,432,144,413,325,0,14,97,103,0,14,0,14,31,37,59,62,1032,347,0,14,0,14,0,14,0,14,0,14,0,14,0,14,0,14,0,14,0,14,28,31,27,47,0,14,54,68,0,14,56,88,70,72,57,60,0,14,0,14,748,182,0,14,67,70
130890211042,782,197,560,172,0,14,0,14,7,15,0,14,0,14,0,14,215,123,782,197,28,30,0,14,0,14,16,25,16,22,27,34,0,14,8,13,12,19,0,14,0,14,11,18,0,14,0,14,11,18,17,25,17,25,34,39,0,14,0,14,321,72,0,14,0,14
130890212041,1190,487,0,14,0,14,0,14,0,14,0,14,0,14,0,14,1190,487,1190,487,151,111,88,99,42,63,0,14,62,96,0,14,29,52,25,70,0,14,0,14,0,14,0,14,0,14,0,14,0,14,0,14,0,14,0,14,0,14,0,14,359,126,0,14,136,72
130890212042,1652,971,0,14,0,14,0,14,0,14,0,14,0,14,0,14,1652,971,1652,971,31,51,78,72,236,201,0,14,170,209,234,202,91,102,57,96,0,14,0,14,0,14,0,14,0,14,0,14,0,14,0,14,0,14,0,14,0,14,0,14,299,160,0,14,89,75
130890212043,853,497,41,65,0,14,0,14,0,14,0,14,0,14,0,14,812,517,853,497,107,105,0,14,149,117,41,65,0,14,46,75,52,84,0,14,0,14,0,14,0,14,0,14,0,14,0,14,17,26,0,14,0,14,0,14,0,14,0,14,170,85,0,14,72,72
130890212081,2612,726,1186,360,458,623,0,14,467,198,0,14,0,14,29,34,472,494,2612,726,110,127,28,47,0,14,0,14,0,14,59,81,101,63,303,393,8,13,16,27,14,22,102,49,8,13,41,64,1,3,169,75,33,34,28,28,0,14,78,122,868,281,21,36,0,14
130890212082,2131,434,951,305,881,263,56,73,63,83,0,14,0,14,105,104,75,69,2131,434,0,14,18,29,0,14,0,14,0,14,0,14,0,14,0,14,20,31,0,14,75,79,12,20,0,14,0,14,51,46,41,45,88,127,40,62,0,14,0,14,1419,278,45,78,211,170
130890212083,834,317,450,253,0,14,0,14,206,225,0,14,0,14,105,112,73,82,834,317,57,64,0,14,109,119,27,36,0,14,20,29,0,14,0,14,0,14,13,20,16,26,0,14,8,14,0,14,0,14,28,31,12,19,57,88,15,22,0,14,353,124,25,28,57,91
130890212101,2146,451,1894,461,0,14,0,14,190,155,0,14,0,14,0,14,62,66,2146,451,102,110,89,72,100,149,15,25,24,38,162,79,77,69,35,58,18,29,44,62,0,14,0,14,0,14,20,32,41,55,21,32,13,20,35,41,57,45,41,39,716,126,0,14,0,14
130890212102,1133,512,529,217,121,198,0,14,0,14,0,14,449,461,34,46,0,14,1133,512,9,16,41,43,88,88,74,79,28,36,55,64,55,57,0,14,13,22,0,14,0,14,12,19,31,38,112,152,0,14,15,24,12,21,56,46,10,19,19,31,370,125,38,61,0,14
130890212103,1485,424,1299,392,0,14,0,14,102,132,0,14,0,14,29,32,55,63,1485,424,12,20,52,52,64,67,56,40,18,30,0,14,125,71,15,25,0,14,18,29,18,30,36,45,0,14,117,168,0,14,42,36,22,36,1,3,113,157,0,14,517,178,11,18,0,14
130890212104,716,259,480,200,0,14,0,14,143,171,0,14,23,42,70,80,0,14,716,259,75,90,0,14,33,52,34,39,0,14,0,14,0,14,14,23,0,14,0,14,0,14,0,14,14,25,0,14,34,55,0,14,0,14,0,14,0,14,0,14,284,98,0,14,0,14
130890212111,1207,259,1085,251,0,14,0,14,60,63,0,14,0,14,10,15,52,53,1207,259,32,31,31,34,64,70,0,14,32,35,0,14,15,23,22,29,0,14,39,31,71,41,60,39,67,45,29,26,8,12,30,30,96,54,131,58,74,42,19,21,553,90,11,18,0,14
130890212112,1153,281,755,189,69,82,0,14,190,209,0,14,14,22,65,63,60,65,1153,281,0,14,0,14,17,25,32,38,13,22,32,35,54,49,18,28,0,14,4,12,9,14,59,40,13,18,23,30,13,20,18,20,62,39,31,32,28,26,42,31,512,84,0,14,0,14
130890212113,2240,540,1837,564,0,14,0,14,265,166,0,14,0,14,82,80,56,57,2240,540,84,62,71,55,165,192,13,23,33,35,82,94,55,40,45,38,28,34,25,30,35,27,11,18,14,16,24,41,20,24,35,29,46,32,41,31,42,57,23,30,767,137,0,14,0,14
130890212131,1435,311,1248,329,38,65,0,14,65,87,0,14,0,14,84,97,0,14,1435,311,24,37,13,22,73,56,68,61,31,34,40,36,9,14,88,72,0,14,21,22,31,28,60,42,0,14,11,18,11,17,16,17,45,42,34,30,6,9,21,23,478,111,0,14,0,14
130890212132,2002,362,1881,370,0,14,0,14,11,18,0,14,0,14,47,43,63,94,2002,362,53,43,42,28,67,39,117,98,33,37,88,35,99,77,89,82,10,13,23,22,65,41,34,28,43,28,39,37,30,31,34,26,76,54,42,34,59,35,30,33,704,114,0,14,0,14
130890212171,1598,542,652,357,366,252,0,14,268,161,0,14,0,14,0,14,312,211,1598,542,229,184,22,21,21,23,14,15,163,149,5,9,6,11,0,14,68,60,19,19,0,14,27,27,0,14,0,14,3,6,8,15,0,14,22,25,3,7,5,11,579,140,0,14,46,53
130890212172,1148,211,731,179,56,79,0,14,307,226,0,14,0,14,23,24,31,41,1148,211,14,21,74,77,31,28,5,11,54,40,3,11,18,25,93,74,9,16,3,6,20,17,9,15,15,17,18,32,10,12,12,14,6,7,26,33,0,14,20,17,378,76,0,14,0,14
130890212191,1058,334,901,318,23,35,0,14,74,74,0,14,0,14,0,14,60,66,1058,334,11,18,31,29,61,57,0,14,11,19,22,25,20,22,6,10,35,33,6,16,56,57,45,43,17,25,0,14,0,14,59,57,56,39,40,30,56,55,74,46,415,140,0,14,37,38
130890212192,2228,467,1546,358,205,244,0,14,170,141,0,14,0,14,234,207,73,86,2228,467,34,36,33,32,95,61,71,53,118,93,171,77,140,71,89,69,0,14,15,24,42,35,0,14,0,14,0,14,21,24,20,24,20,21,0,14,0,14,10,15,666,118,0,14,0,14
130890212193,1253,288,628,175,126,155,0,14,320,261,0,14,0,14,25,37,154,112,1253,288,57,80,13,20,0,14,0,14,0,14,0,14,24,28,52,77,11,17,0,14,13,22,6,12,0,14,0,14,0,14,5,10,5,10,36,42,0,14,17,28,733,143,30,36,0,14
130890212201,1681,643,1350,570,85,85,0,14,16,21,0,14,21,44,153,151,56,93,1681,643,114,108,167,160,31,35,35,30,84,88,73,57,10,19,46,51,0,14,23,27,19,21,30,29,0,14,23,29,66,48,0,14,66,38,21,24,14,23,39,47,581,192,0,14,0,14
130890212202,1794,364,832,199,666,278,0,14,212,133,0,14,0,14,11,18,73,70,1794,364,91,105,12,19,70,87,0,14,57,65,16,19,21,26,14,22,26,35,40,38,9,13,49,75,21,22,10,16,20,22,8,12,9,14,29,25,12,19,9,15,976,149,23,27,0,14
130890212211,722,298,650,285,26,51,0,14,18,27,0,14,0,14,0,14,28,41,722,298,0,14,11,18,0,14,0,14,62,101,23,22,10,17,0,14,0,14,4,9,8,14,10,16,0,14,0,14,10,17,0,14,0,14,9,15,0,14,0,14,360,132,0,14,0,14
130890212212,1026,465,429,156,210,170,0,14,70,95,0,14,0,14,17,26,300,385,1026,465,30,49,0,14,0,14,0,14,0,14,13,22,0,14,0,14,0,14,0,14,11,19,13,20,0,14,0,14,14,21,28,34,10,17,0,14,0,14,70,93,620,224,0,14,13,21
130890212213,1185,258,832,275,203,180,0,14,32,37,0,14,11,17,46,81,61,61,1185,258,113,81,72,60,19,19,10,15,50,42,73,61,47,48,15,24,11,19,11,17,0,14,0,14,0,14,0,14,0,14,0,14,18,29,0,14,0,14,0,14,369,67,0,14,0,14
130890212221,1042,393,750,352,106,31,0,14,54,59,0,14,0,14,91,99,41,80,1042,393,68,98,76,77,13,24,22,36,58,61,28,35,54,66,0,14,9,22,52,57,0,14,9,22,59,64,0,14,0,14,11,22,0,14,58,46,34,41,10,25,304,112,0,14,0,14
130890212222,733,272,196,113,206,267,0,14,164,128,0,14,0,14,71,78,96,157,733,272,7,21,55,77,0,14,0,14,8,26,57,75,40,64,0,14,0,14,0,14,0,14,0,14,0,14,24,28,21,38,21,34,0,14,62,59,0,14,46,55,344,108,0,14,46,55
130890212223,1423,1031,412,210,986,984,0,14,19,35,0,14,0,14,0,14,6,33,1423,1031,0,14,0,14,0,14,0,14,0,14,391,549,0,14,0,14,0,14,0,14,13,22,39,54,0,14,10,18,0,14,291,384,10,17,61,64,0,14,19,35,848,480,0,14,313,386
130890212224,1771,410,1020,348,334,230,0,14,234,176,0,14,0,14,32,38,151,123,1771,410,40,51,0,14,29,45,34,52,0,14,83,97,0,14,0,14,25,44,0,14,0,14,34,51,0,14,0,14,0,14,0,14,29,44,0,14,0,14,0,14,1108,287,0,14,0,14
130890212231,1117,206,336,134,101,71,0,14,620,193,0,14,0,14,54,64,6,8,1117,206,8,13,125,74,44,44,0,14,106,74,66,32,44,32,8,12,0,14,7,10,0,14,0,14,0,14,0,14,0,14,0,14,0,14,0,14,16,20,0,14,369,84,0,14,37,49
130890212232,486,145,341,132,44,50,0,14,86,95,0,14,0,14,15,21,0,14,486,145,0,14,0,14,0,14,0,14,19,30,3,16,2,16,0,14,0,14,14,16,9,14,38,37,11,18,0,14,0,14,17,25,30,45,39,37,0,14,86,55,244,66,22,32,43,55
130890212241,1872,556,767,263,825,487,0,14,140,103,0,14,0,14,39,46,101,127,1872,556,0,14,14,33,22,35,45,67,0,14,89,120,47,68,0,14,0,14,49,59,15,25,29,30,0,14,17,28,17,27,54,58,0,14,33,37,101,65,0,14,1171,335,50,45,0,14
130890212242,1425,642,309,184,680,558,0,14,375,347,0,14,0,14,22,37,39,60,1425,642,22,37,0,14,0,14,0,14,8,16,0,14,40,49,0,14,0,14,0,14,0,14,0,14,0,14,0,14,0,14,0,14,0,14,0,14,0,14,0,14,1000,529,0,14,0,14
130890212243,1553,763,434,261,701,516,0,14,320,409,0,14,0,14,78,76,20,33,1553,763,70,100,63,76,102,116,0,14,0,14,0,14,125,136,22,35,19,35,0,14,0,14,0,14,0,14,0,14,17,31,0,14,14,23,50,57,0,14,37,41,464,198,20,33,0,14
130890212251,823,295,244,137,268,235,0,14,200,155,0,14,0,14,0,14,111,124,823,295,59,65,58,76,40,63,0,14,12,20,13,21,15,18,0,14,24,26,0,14,0,14,0,14,0,14,0,14,0,14,0,14,0,14,0,14,0,14,0,14,460,215,0,14,0,14
130890212252,1463,497,392,130,377,259,0,14,223,205,0,14,0,14,105,76,366,409,1463,497,0,14,0,14,0,14,0,14,79,114,0,14,0,14,169,232,0,14,12,20,13,22,0,14,0,14,0,14,4,10,11,18,26,30,17,28,0,14,17,22,975,228,41,37,0,14
130890212261,1506,601,290,175,772,566,0,14,133,134,0,14,0,14,200,241,111,122,1506,601,0,14,0,14,58,98,0,14,0,14,0,14,85,129,62,100,0,14,0,14,0,14,0,14,40,55,0,14,0,14,0,14,24,36,54,69,0,14,0,14,821,324,0,14,100,121
130890212262,1144,439,421,284,347,243,0,14,376,270,0,14,0,14,0,14,0,14,1144,439,0,14,0,14,0,14,29,56,68,62,24,34,0,14,27,58,0,14,0,14,0,14,0,14,0,14,0,14,14,23,0,14,0,14,0,14,21,37,0,14,773,303,0,14,28,35
130890212263,873,612,431,187,142,202,0,14,69,96,0,14,0,14,189,270,42,46,873,612,189,270,0,14,0,14,0,14,0,14,0,14,0,14,0,14,10,20,0,14,0,14,0,14,0,14,0,14,9,19,0,14,0,14,9,18,0,14,0,14,355,150,0,14,0,14
130890212271,830,586,728,546,0,14,0,14,102,231,0,14,0,14,0,14,0,14,830,586,0,14,43,51,62,91,65,103,0,14,7,14,112,112,0,14,0,14,0,14,52,41,0,14,0,14,0,14,0,14,21,31,40,66,18,31,5,28,0,14,251,152,0,14,0,14
130890212272,199,148,199,148,0,14,0,14,0,14,0,14,0,14,0,14,0,14,199,148,0,14,0,14,0,14,0,14,0,14,0,14,0,14,0,14,0,14,0,14,0,14,0,14,22,39,0,14,0,14,0,14,0,14,0,14,0,14,0,14,154,131,0,14,0,14
130890212273,371,262,13,24,257,259,0,14,89,138,0,14,0,14,12,21,0,14,371,262,0,14,0,14,0,14,0,14,0,14,30,56,0,14,0,14,0,14,0,14,0,14,0,14,0,14,0,14,0,14,0,14,0,14,0,14,0,14,0,14,302,248,0,14,0,14
130890212274,1761,637,557,280,405,373,0,14,586,401,0,14,24,64,163,214,26,43,1761,637,150,166,35,62,25,30,0,14,18,31,53,77,96,94,15,26,0,14,0,14,101,141,0,14,0,14,0,14,10,18,0,14,37,52,24,39,0,14,0,14,873,285,9,18,0,14
130890212275,2293,507,1300,327,967,356,0,14,0,14,0,14,0,14,26,53,0,14,2293,507,271,106,28,49,44,54,47,70,287,109,26,45,91,86,63,61,28,40,0,14,14,25,0,14,30,39,0,14,24,42,29,41,13,23,19,33,0,14,0,14,648,149,0,14,0,14
130890212281,2258,411,1791,416,7,11,0,14,222,182,0,14,37,59,90,92,111,177,2258,411,28,31,100,70,101,44,46,41,64,50,60,60,77,59,83,71,0,14,18,21,51,43,8,14,15,14,26,37,17,19,31,23,69,45,16,20,69,50,0,14,710,104,0,14,0,14
130890212282,1202,600,1146,592,0,14,0,14,0,14,0,14,0,14,6,9,50,73,1202,600,23,25,60,48,177,160,0,14,16,21,43,37,116,129,33,54,0,14,0,14,0,14,7,13,7,13,21,26,0,14,24,28,0,14,112,118,21,24,0,14,342,113,0,14,0,14
130890212291,1999,323,1655,285,78,80,0,14,95,79,0,14,12,19,138,137,21,34,1999,323,60,31,145,74,113,56,83,59,61,41,39,24,71,32,15,16,41,43,0,14,12,13,86,59,6,10,47,41,36,57,43,44,22,22,68,49,36,33,24,29,655,108,7,10,0,14
130890212292,1433,565,1081,319,0,14,0,14,19,22,0,14,0,14,318,363,15,22,1433,565,0,14,109,107,170,113,44,33,4,7,23,23,6,10,96,109,34,33,11,13,28,37,6,9,58,70,0,14,23,24,30,32,57,61,7,10,11,12,17,25,529,200,0,14,0,14
130890212301,1874,465,571,195,323,217,0,14,936,401,0,14,0,14,17,26,27,30,1874,465,152,123,67,77,75,51,0,14,24,39,111,118,27,36,27,32,0,14,0,14,23,40,28,45,0,14,0,14,0,14,0,14,24,39,22,25,22,33,0,14,796,241,0,14,22,38
130890212302,2199,496,821,286,188,149,0,14,995,458,0,14,21,32,50,84,124,107,2199,496,41,48,70,59,25,42,105,116,53,64,22,37,0,14,28,40,0,14,21,39,0,14,0,14,36,57,76,88,0,14,0,14,55,77,0,14,0,14,73,83,1144,249,0,14,21,35
130890213011,744,513,124,96,102,131,0,14,69,85,0,14,0,14,0,14,449,469,744,513,0,14,51,81,25,45,0,14,83,127,112,127,0,14,28,49,10,21,11,22,2,4,0,14,0,14,0,14,0,14,0,14,8,12,0,14,0,14,42,68,268,125,0,14,24,39
130890213012,1880,633,238,170,495,299,0,14,539,294,0,14,0,14,34,49,574,492,1880,633,50,70,140,209,52,78,42,52,0,14,20,34,94,127,26,31,22,36,11,17,22,36,0,14,0,14,0,14,44,69,0,14,19,31,0,14,9,14,0,14,740,215,0,14,89,85
130890213013,1418,490,382,153,346,215,0,14,223,152,0,14,0,14,144,174,323,341,1418,490,11,20,24,31,45,61,0,14,83,126,36,59,69,73,42,71,0,14,19,29,11,16,0,14,0,14,26,40,0,14,32,46,36,43,9,14,13,20,0,14,727,196,0,14,0,14
130890213051,1020,383,555,193,36,41,0,14,79,101,0,14,0,14,88,100,262,281,1020,383,65,52,75,99,0,14,38,62,0,14,106,150,0,14,9,16,0,14,33,31,48,58,12,18,13,20,38,39,0,14,32,50,25,29,61,38,0,14,0,14,338,113,10,16,0,14
130890213052,3085,1070,115,84,71,67,0,14,42,68,0,14,0,14,0,14,2857,1039,3085,1070,190,157,59,48,174,163,258,241,221,207,215,196,101,91,61,95,13,20,0,14,48,73,0,14,0,14,0,14,0,14,21,32,68,91,0,14,0,14,0,14,788,251,0,14,118,105
130890213053,1854,544,493,225,288,268,0,14,297,195,0,14,0,14,103,129,673,425,1854,544,69,78,36,40,14,20,14,25,184,187,44,37,85,80,55,71,0,14,11,18,0,14,6,10,0,14,0,14,10,16,0,14,19,30,0,14,0,14,10,16,576,167,0,14,7,11
130890213061,2493,725,460,221,446,489,0,14,510,331,0,14,0,14,44,73,1033,620,2493,725,86,131,117,121,79,74,65,90,90,104,138,165,43,44,0,14,49,50,0,14,25,30,17,28,0,14,0,14,35,42,14,23,7,12,56,71,0,14,0,14,837,241,34,41,0,14
130890213062,511,371,284,289,176,233,0,14,30,81,0,14,0,14,0,14,21,35,511,371,0,14,6,17,6,17,0,14,0,14,0,14,0,14,0,14,0,14,12,19,21,33,0,14,0,14,0,14,17,28,11,17,14,23,0,14,0,14,0,14,291,266,0,14,0,14
130890213063,1339,735,58,57,94,149,0,14,397,619,0,14,0,14,0,14,790,474,1339,735,27,45,89,109,66,61,40,51,104,123,32,54,0,14,41,63,0,14,0,14,6,11,0,14,0,14,0,14,0,14,0,14,6,10,0,14,0,14,0,14,522,261,0,14,27,43
130890213064,1822,657,756,531,794,511,0,14,172,193,0,14,0,14,0,14,100,84,1822,657,49,79,73,121,0,14,0,14,68,81,0,14,72,120,0,14,187,266,0,14,0,14,0,14,0,14,0,14,14,24,0,14,81,95,0,14,0,14,0,14,958,291,0,14,100,158
130890213071,1079,410,244,104,29,49,1,3,425,245,0,14,0,14,5,9,375,297,1079,410,8,12,12,18,0,14,41,61,0,14,0,14,64,83,18,28,11,17,2,8,28,29,25,29,11,16,0,14,0,14,9,14,45,35,36,43,1,3,0,14,406,117,32,32,0,14
130890213072,1612,580,136,82,29,40,0,14,184,159,0,14,0,14,0,14,1263,564,1612,580,90,102,47,56,17,31,111,68,78,93,73,61,122,87,0,14,2,5,25,37,0,14,0,14,0,14,0,14,0,14,0,14,0,14,0,14,0,14,0,14,440,161,15,23,0,14
130890213073,848,305,336,159,69,70,0,14,148,114,0,14,0,14,115,128,180,117,848,305,33,50,11,18,18,21,0,14,7,11,20,27,131,137,13,21,12,17,6,12,10,15,0,14,0,14,0,14,0,14,19,21,32,41,0,14,0,14,0,14,318,108,0,14,0,14
130890213081,1855,563,632,222,42,65,0,14,377,261,0,14,0,14,61,78,743,521,1855,563,91,103,84,88,78,92,27,45,90,105,62,68,0,14,40,48,10,16,25,31,50,43,11,20,15,25,0,14,9,15,37,43,42,55,19,22,10,16,21,24,681,139,0,14,18,29
130890213082,718,323,95,58,0,14,0,14,207,205,0,14,0,14,0,14,416,264,718,323,27,46,12,18,47,75,0,14,0,14,0,14,0,14,0,14,13,19,0,14,20,36,47,43,17,27,0,14,9,14,2,4,11,17,23,35,0,14,0,14,292,100,0,14,0,14
130890213083,1859,609,294,121,130,140,0,14,83,110,0,14,0,14,0,14,1352,582,1859,609,31,56,92,57,59,44,68,69,101,134,128,121,71,82,59,98,9,14,11,17,20,25,15,18,19,25,0,14,9,13,25,35,37,44,0,14,0,14,0,14,529,169,0,14,209,143
130890213091,1213,407,30,48,46,73,0,14,70,103,0,14,0,14,0,14,1067,401,1213,407,67,74,60,69,82,78,119,44,43,74,44,60,36,56,38,65,0,14,0,14,0,14,0,14,0,14,0,14,0,14,0,14,0,14,0,14,0,14,0,14,308,96,0,14,81,83
130890213092,391,274,7,20,50,47,0,14,90,86,0,14,0,14,0,14,244,265,391,274,0,14,0,14,0,14,0,14,0,14,0,14,80,120,0,14,0,14,0,14,0,14,0,14,6,9,0,14,0,14,0,14,0,14,0,14,28,40,0,14,166,94,0,14,0,14
130890213101,2137,857,100,88,81,102,0,14,912,463,0,14,0,14,145,159,899,788,2137,857,0,14,313,238,65,75,0,14,49,76,0,14,28,32,34,40,1,3,0,14,18,31,0,14,44,40,0,14,0,14,0,14,10,18,32,34,15,25,0,14,418,156,0,14,13,21
130890213102,2195,669,337,234,0,14,0,14,639,479,0,14,0,14,0,14,1219,520,2195,669,85,75,188,133,313,205,0,14,84,74,57,65,145,132,0,14,0,14,36,47,0,14,0,14,0,14,0,14,42,48,0,14,13,19,17,25,0,14,70,106,498,187,0,14,0,14
130890213103,1420,436,54,43,112,161,0,14,280,232,0,14,15,24,24,34,935,390,1420,436,52,73,27,40,0,14,40,43,5,8,0,14,67,66,20,34,8,16,0,14,284,200,0,14,0,14,0,14,42,35,82,78,0,14,12,21,0,14,0,14,720,263,0,14,88,109
130890214051,1471,395,916,320,62,100,0,14,220,157,0,14,0,14,133,143,140,125,1471,395,45,49,19,31,29,42,34,49,122,86,0,14,120,140,0,14,0,14,0,14,22,35,0,14,0,14,0,14,38,66,19,34,0,14,0,14,0,14,6,10,544,128,0,14,0,14
130890214052,1533,455,1053,336,129,89,0,14,0,14,0,14,33,55,221,197,97,96,1533,455,99,101,84,90,16,28,47,56,81,91,0,14,56,58,0,14,1,2,0,14,56,59,0,14,0,14,0,14,51,50,47,55,23,38,0,14,0,14,0,14,720,178,0,14,0,14
130890214053,1534,431,1243,368,27,45,0,14,121,104,0,14,0,14,86,94,57,57,1534,431,43,46,68,82,24,39,0,14,118,92,0,14,19,32,0,14,25,44,0,14,25,39,0,14,0,14,0,14,0,14,0,14,0,14,0,14,0,14,0,14,830,201,0,14,145,140
130890214091,336,234,160,119,0,14,0,14,0,14,0,14,0,14,0,14,176,199,336,234,5,12,18,31,9,16,0,14,0,14,0,14,0,14,0,14,0,14,0,14,6,12,0,14,0,14,0,14,0,14,0,14,5,11,0,14,0,14,0,14,91,58,0,14,44,47
130890214092,1960,529,49,49,828,376,4,11,0,14,0,14,0,14,70,106,1009,478,1960,529,272,173,79,112,171,113,54,46,100,87,0,14,0,14,0,14,0,14,0,14,11,19,4,11,0,14,0,14,0,14,0,14,0,14,0,14,0,14,0,14,564,146,0,14,38,60
130890214093,1018,692,189,162,675,697,0,14,58,76,0,14,0,14,22,26,74,93,1018,692,37,55,5,27,0,14,0,14,0,14,0,14,0,14,27,44,0,14,0,14,0,14,0,14,0,14,0,14,4,24,16,23,0,14,0,14,15,23,0,14,506,338,0,14,4,22
130890214101,1960,797,610,226,52,41,0,14,18,31,0,14,0,14,47,59,1233,778,1960,797,42,53,59,98,34,72,0,14,11,26,0,14,46,66,47,95,0,14,22,47,0,14,29,37,0,14,0,14,38,76,0,14,6,11,25,51,0,14,16,29,715,185,0,14,72,80
130890214102,859,502,70,61,44,52,0,14,0,14,0,14,0,14,0,14,745,513,859,502,2,4,28,53,0,14,0,14,2,4,9,15,0,14,0,14,0,14,0,14,54,88,0,14,0,14,0,14,29,36,0,14,0,14,0,14,0,14,0,14,363,148,0,14,84,99
130890214103,1876,600,840,276,474,233,0,14,418,422,0,14,0,14,32,50,112,96,1876,600,167,189,30,35,0,14,8,14,85,100,35,58,0,14,0,14,22,29,31,47,50,55,0,14,0,14,0,14,0,14,57,54,24,33,0,14,0,14,0,14,871,248,0,14,0,14
130890214111,1226,365,766,276,38,41,0,14,45,39,0,14,0,14,194,142,183,245,1226,365,117,136,31,28,48,41,38,33,35,54,39,37,25,25,0,14,0,14,20,23,12,18,11,17,0,14,4,11,0,14,9,14,10,15,10,16,21,24,9,17,491,130,0,14,39,47
130890214112,1034,429,723,351,134,121,0,14,68,74,0,14,0,14,21,33,88,86,1034,429,21,26,25,25,40,54,66,94,22,27,84,62,19,22,0,14,0,14,15,24,11,18,0,14,0,14,0,14,0,14,0,14,0,14,11,18,12,19,9,15,409,157,9,15,11,19
130890214113,2056,563,1475,526,454,267,0,14,27,33,0,14,0,14,29,31,71,62,2056,563,75,93,47,35,0,14,0,14,25,28,13,16,153,204,0,14,0,14,0,14,0,14,10,16,0,14,0,14,0,14,11,17,0,14,20,23,12,18,0,14,1083,260,0,14,0,14
130890214121,1814,411,1423,367,109,92,0,14,101,81,0,14,10,17,142,85,29,27,1814,411,147,92,78,61,16,19,9,15,88,58,82,65,29,34,20,32,0,14,0,14,15,18,0,14,0,14,0,14,60,91,13,21,0,14,8,13,0,14,57,81,700,149,9,14,0,14
130890214122,1415,432,782,255,183,220,0,14,19,33,0,14,0,14,16,27,415,326,1415,432,23,26,81,64,86,71,55,60,99,71,73,69,11,17,33,38,0,14,14,17,8,13,0,14,0,14,0,14,7,11,7,13,7,12,0,14,38,57,10,19,480,157,28,43,0,14
130890214123,951,360,773,347,0,14,0,14,7,11,0,14,0,14,0,14,171,174,951,360,77,52,50,46,0,14,0,14,79,81,65,78,24,28,0,14,0,14,7,13,8,13,0,14,0,14,7,12,8,12,0,14,23,21,7,11,0,14,0,14,335,109,10,14,0,14
130890216081,437,269,13,22,406,258,0,14,0,14,0,14,0,14,18,31,0,14,437,269,0,14,0,14,0,14,0,14,0,14,0,14,0,14,0,14,0,14,0,14,0,14,0,14,0,14,0,14,0,14,0,14,37,59,0,14,0,14,0,14,294,184,0,14,0,14
130890216082,2686,1148,1295,323,718,1017,0,14,59,91,0,14,137,175,0,14,477,529,2686,1148,97,105,40,44,377,422,53,75,140,144,110,105,92,68,95,105,62,59,8,16,21,27,9,14,0,14,15,26,31,37,14,29,38,40,0,14,27,36,19,31,784,232,0,14,0,14
130890217091,1462,354,990,231,115,183,0,14,94,93,0,14,0,14,207,157,56,68,1462,354,5,10,109,56,44,32,20,31,122,94,37,47,39,34,7,13,23,37,38,35,25,26,2,4,0,14,37,55,63,89,11,19,11,17,12,19,36,53,29,34,641,217,0,14,0,14
130890217092,1158,423,383,136,526,323,0,14,0,14,0,14,12,19,33,51,204,254,1158,423,7,12,16,23,7,12,0,14,53,74,63,72,0,14,63,74,0,14,0,14,0,14,0,14,0,14,15,24,0,14,0,14,62,63,21,35,14,24,32,38,594,190,0,14,0,14
130890217093,681,283,311,194,186,173,0,14,86,78,0,14,0,14,25,31,73,97,681,283,0,14,0,14,0,14,0,14,0,14,0,14,39,62,41,63,22,33,0,14,0,14,0,14,0,14,0,14,0,14,0,14,0,14,0,14,0,14,0,14,356,119,0,14,0,14
130890217101,969,229,586,173,125,93,0,14,180,124,0,14,0,14,78,68,0,14,969,229,0,14,7,15,0,14,14,23,37,51,33,32,21,26,27,25,37,34,9,17,40,34,38,32,0,14,0,14,38,31,24,25,30,35,0,14,13,18,32,29,333,70,0,14,0,14
130890217102,1665,374,1374,314,88,140,0,14,105,123,0,14,0,14,52,58,46,43,1665,374,16,19,30,38,69,55,60,41,69,97,34,29,46,30,64,47,16,25,27,33,22,25,65,39,22,37,57,45,0,14,52,50,24,25,44,39,46,32,54,50,604,136,0,14,0,14
130890217111,2136,949,528,218,373,287,0,14,133,134,41,61,0,14,78,77,983,969,2136,949,143,163,0,14,0,14,89,122,181,218,0,14,0,14,48,80,63,77,35,55,33,31,43,33,0,14,0,14,159,151,9,14,100,87,14,18,32,31,18,23,609,130,0,14,0,14
130890217112,1032,523,397,167,73,107,0,14,54,63,0,14,0,14,184,269,324,337,1032,523,10,15,134,138,45,70,10,16,15,23,116,134,0,14,97,164,20,24,37,47,0,14,10,15,0,14,0,14,11,18,0,14,32,32,0,14,0,14,9,14,284,105,20,23,0,14
130890217121,1080,461,342,174,570,399,0,14,62,93,0,14,0,14,37,37,69,73,1080,461,0,14,56,50,0,14,60,51,0,14,13,24,44,45,0,14,0,14,24,32,11,17,24,27,0,14,0,14,0,14,20,24,0,14,0,14,10,16,13,20,475,155,13,20,0,14
130890217122,1682,494,451,204,521,263,0,14,203,145,0,14,357,435,39,45,111,97,1682,494,31,42,7,11,0,14,0,14,0,14,0,14,0,14,106,168,0,14,18,29,0,14,0,14,0,14,0,14,0,14,0,14,0,14,0,14,0,14,9,15,875,283,0,14,176,202
130890218081,2830,706,1564,552,351,241,6,9,165,82,0,14,0,14,89,92,655,406,2830,706,20,27,142,97,230,136,92,81,23,27,35,43,147,98,107,119,34,22,46,39,46,34,13,20,38,33,13,18,11,17,48,48,58,43,11,17,45,36,12,18,796,139,0,14,0,14
130890218082,680,219,355,117,178,173,0,14,104,78,0,14,0,14,8,13,35,55,680,219,9,15,11,22,32,31,11,17,9,15,10,16,0,14,8,13,0,14,10,17,12,19,11,17,0,14,0,14,0,14,18,21,49,38,0,14,8,12,39,36,263,71,0,14,0,14
130890218083,1355,413,315,151,230,194,0,14,146,132,0,14,0,14,57,57,607,304,1355,413,67,83,36,53,82,72,40,60,67,85,41,62,47,73,42,67,26,32,0,14,0,14,11,17,15,20,0,14,0,14,11,18,41,30,11,17,30,47,11,17,447,114,0,14,0,14
130890218122,1724,653,370,109,141,141,0,14,429,510,0,14,30,48,56,44,698,357,1724,653,4,8,21,23,72,75,10,16,107,137,70,79,16,24,19,33,12,13,52,45,75,77,27,32,0,14,0,14,0,14,41,38,25,31,16,17,10,12,12,13,549,136,6,10,76,101
130890218131,1276,301,45,51,405,223,0,14,0,14,0,14,0,14,66,49,760,268,1276,301,170,118,0,14,33,57,42,36,0,14,20,39,33,55,64,56,0,14,0,14,0,14,0,14,0,14,0,14,0,14,0,14,0,14,0,14,0,14,0,14,484,112,0,14,0,14
130890218132,881,334,90,77,557,327,0,14,50,80,0,14,0,14,15,22,169,137,881,334,4,27,0,14,0,14,57,92,69,95,3,24,41,49,0,14,0,14,16,25,0,14,0,14,0,14,0,14,15,25,0,14,15,23,35,56,0,14,0,14,489,120,0,14,41,41
130890218152,2103,1142,32,44,1007,1066,0,14,0,14,0,14,0,14,58,83,1006,490,2103,1142,252,361,0,14,138,122,0,14,18,30,148,143,53,90,61,99,0,14,0,14,0,14,0,14,0,14,0,14,0,14,0,14,1,3,0,14,0,14,0,14,960,395,0,14,341,307
130890218153,1286,580,64,49,512,457,0,14,0,14,0,14,0,14,23,39,687,346,1286,580,30,48,0,14,0,14,0,14,347,348,38,63,104,128,0,14,33,50,0,14,0,14,0,14,0,14,0,14,0,14,9,14,0,14,0,14,0,14,0,14,556,237,0,14,11,19
130890218162,1600,815,665,273,47,65,0,14,100,116,0,14,0,14,82,166,706,658,1600,815,0,14,13,21,81,115,76,87,10,16,209,17,0,14,156,249,0,14,27,32,14,12,0,14,0,14,0,14,6,9,0,14,9,15,3,8,0,14,0,14,680,391,0,14,0,14
130890218191,1723,465,1122,373,271,227,0,14,232,235,0,14,0,14,4,8,94,87,1723,465,32,34,40,33,40,42,10,17,14,22,63,47,22,27,0,14,29,32,47,46,0,14,29,35,179,174,37,51,41,41,13,20,38,47,34,29,40,43,11,19,624,209,1,2,0,14
130890218192,1833,452,968,348,319,193,0,14,140,83,0,14,0,14,181,106,225,165,1833,452,30,47,65,68,28,33,59,50,69,55,67,82,135,85,40,53,32,51,12,15,36,43,27,28,52,43,9,15,13,23,0,14,27,29,38,32,46,35,11,14,754,171,10,16,28,49
130890218202,965,244,440,148,133,141,0,14,319,210,0,14,0,14,52,60,21,33,965,244,15,21,0,14,52,44,28,40,0,14,10,13,22,22,0,14,32,26,17,18,47,51,0,14,0,14,0,14,33,40,7,12,28,26,21,26,9,14,31,31,469,159,44,55,0,14
130890218212,2120,374,1667,347,212,178,0,14,24,37,25,35,0,14,114,122,78,66,2120,374,76,64,109,80,52,42,43,46,16,25,58,30,74,52,0,14,22,25,0,14,58,53,88,47,19,22,0,14,34,31,49,48,107,59,58,39,7,11,32,35,823,220,0,14,0,14
131210097001,1307,363,764,246,134,96,0,14,181,225,0,14,0,14,37,58,191,195,1307,363,0,14,37,37,51,55,61,65,29,25,67,68,18,30,101,134,11,17,29,48,6,10,7,10,0,14,0,14,16,20,0,14,26,24,16,18,0,14,37,44,619,144,0,14,0,14
131210097002,995,326,592,198,78,102,0,14,83,111,0,14,0,14,125,116,117,200,995,326,3,8,11,17,49,49,3,12,7,13,4,9,78,85,88,52,0,14,15,21,55,45,16,18,0,14,5,9,8,15,35,32,56,41,0,14,20,20,27,33,268,66,0,14,0,14
131210098021,1760,292,1569,300,43,70,0,14,32,45,0,14,0,14,64,89,52,61,1760,292,151,84,94,69,68,51,50,43,54,45,50,57,62,53,43,54,30,26,0,14,18,20,12,17,19,22,0,14,13,17,9,14,21,24,18,20,20,23,0,14,588,91,0,14,0,14
131210098022,1261,317,989,321,122,86,0,14,76,86,0,14,0,14,48,54,26,31,1261,317,23,25,22,25,83,79,57,55,0,14,11,18,40,55,12,19,33,51,28,30,8,15,0,14,21,16,22,26,58,69,31,30,0,14,9,15,19,21,0,14,639,111,0,14,0,14
131210098023,1187,316,1072,300,20,32,0,14,58,78,0,14,15,22,22,32,0,14,1187,316,26,27,95,63,43,42,0,14,24,26,45,49,31,35,15,23,30,32,0,14,37,35,31,27,6,10,0,14,0,14,36,32,146,158,21,21,10,16,28,32,479,164,17,25,0,14
131210099001,980,422,868,402,46,53,0,14,0,14,0,14,0,14,9,16,57,93,980,422,39,63,36,42,34,52,22,35,0,14,38,45,38,45,23,38,0,14,19,36,47,53,15,24,0,14,0,14,42,43,57,70,18,28,0,14,0,14,10,16,447,151,40,65,0,14
131210099002,1136,574,1095,570,0,14,0,14,0,14,0,14,0,14,5,10,36,43,1136,574,18,29,42,68,35,53,0,14,130,154,103,136,11,20,0,14,5,10,12,19,0,14,11,19,0,14,11,17,49,62,0,14,12,20,0,14,20,23,0,14,353,149,0,14,0,14
131210099003,874,322,831,315,0,14,0,14,0,14,0,14,0,14,43,62,0,14,874,322,18,30,20,32,0,14,35,55,43,45,71,59,43,47,68,72,0,14,13,21,42,76,0,14,0,14,0,14,13,20,0,14,0,14,0,14,0,14,0,14,268,97,33,53,0,14
131210099004,1152,466,657,268,256,379,0,14,101,144,0,14,0,14,54,61,84,107,1152,466,0,14,17,25,0,14,0,14,82,113,63,99,39,47,51,61,0,14,0,14,44,66,0,14,0,14,0,14,0,14,28,42,78,84,0,14,0,14,26,29,559,153,0,14,0,14
131210099005,883,268,810,269,50,58,0,14,0,14,0,14,0,14,0,14,23,40,883,268,21,34,29,39,0,14,0,14,65,50,0,14,22,36,26,40,25,42,0,14,0,14,26,29,0,14,0,14,0,14,12,20,15,24,0,14,45,72,0,14,533,138,0,14,68,85
131210100031,2343,614,1926,516,213,270,0,14,139,153,0,14,0,14,65,83,0,14,2343,614,72,79,0,14,96,96,40,48,38,44,75,86,30,38,29,48,0,14,5,15,12,19,0,14,23,28,0,14,5,15,0,14,97,100,0,14,0,14,0,14,951,249,0,14,0,14
131210100041,1216,392,774,398,329,208,0,14,0,14,0,14,0,14,56,60,57,50,1216,392,15,16,72,45,0,14,8,14,19,20,46,46,74,102,60,46,8,13,12,13,19,23,0,14,0,14,5,7,20,34,0,14,5,8,15,19,0,14,10,11,560,175,5,7,0,14
131210100042,1173,882,612,273,223,276,0,14,33,37,0,14,0,14,63,79,242,326,1173,882,0,14,12,15,43,40,6,10,5,9,57,59,34,43,62,82,5,7,0,14,0,14,5,7,0,14,0,14,0,14,0,14,0,14,5,7,0,14,5,8,288,197,0,14,0,14
131210100051,1331,232,1281,238,0,14,0,14,12,18,0,14,0,14,38,43,0,14,1331,232,0,14,68,53,54,43,0,14,22,36,0,14,103,70,34,40,23,26,80,58,74,66,9,15,0,14,0,14,11,17,68,57,34,26,0,14,0,14,23,26,496,87,0,14,0,14
131210100052,1597,271,1464,262,59,93,0,14,0,14,0,14,0,14,10,16,64,57,1597,271,31,32,27,25,48,44,48,41,22,24,43,33,73,59,12,19,9,15,0,14,10,18,43,51,0,14,0,14,19,16,0,14,12,20,52,50,0,14,49,82,658,122,49,82,0,14
131210100071,756,177,642,173,47,40,9,19,41,67,0,14,0,14,10,17,7,11,756,177,18,23,9,14,14,31,29,34,19,26,32,34,0,14,11,17,0,14,0,14,12,14,6,11,22,18,10,21,7,11,9,19,31,41,65,27,27,24,106,68,332,70,6,9,44,37
131210100072,1065,469,696,248,0,14,0,14,109,127,0,14,45,70,19,33,196,268,1065,469,17,23,0,14,30,31,2,7,27,32,29,31,38,34,25,38,29,35,0,14,107,102,0,14,7,12,7,13,51,65,25,38,19,31,7,11,29,34,6,10,451,176,0,14,0,14
131210101061,573,295,197,170,221,157,0,14,96,147,0,14,24,40,0,14,35,30,573,295,0,14,27,43,28,39,80,76,27,37,0,14,0,14,21,38,23,36,0,14,0,14,0,14,0,14,0,14,0,14,11,18,0,14,0,14,0,14,0,14,249,112,0,14,0,14
131210101062,872,427,782,415,23,35,15,23,44,61,0,14,0,14,8,11,0,14,872,427,96,127,102,134,5,10,0,14,0,14,0,14,9,14,16,22,26,20,20,20,10,16,9,14,8,13,10,15,8,13,12,19,23,23,28,27,0,14,9,14,323,102,0,14,0,14
131210101063,1372,388,691,310,274,128,0,14,10,17,0,14,0,14,222,233,175,170,1372,388,0,14,0,14,88,113,0,14,17,29,10,18,53,52,0,14,0,14,0,14,0,14,0,14,0,14,0,14,12,20,37,62,21,23,7,12,0,14,0,14,728,185,0,14,11,18
131210101064,782,173,601,175,88,81,0,14,80,83,0,14,0,14,0,14,13,20,782,173,0,14,0,14,14,25,8,15,0,14,0,14,14,26,0,14,13,21,9,15,41,34,40,30,31,29,29,27,15,24,22,24,32,29,28,25,0,14,22,25,377,104,0,14,0,14
131210101071,977,162,815,147,14,19,0,14,49,42,0,14,32,46,60,61,7,11,977,162,64,39,14,16,0,14,4,7,48,29,14,15,22,23,40,33,14,15,6,9,58,33,6,9,0,14,19,16,8,11,0,14,103,45,21,19,14,13,4,6,381,58,4,6,0,14
131210101072,934,186,768,187,21,21,0,14,73,55,0,14,0,14,18,22,54,45,934,186,13,14,23,28,22,23,6,9,28,26,4,7,24,26,23,25,24,17,33,25,74,64,19,13,14,13,3,7,7,12,37,22,60,50,5,9,8,10,0,14,337,78,9,14,0,14
131210101081,2380,764,2013,731,164,218,0,14,0,14,9,17,10,15,24,38,160,178,2380,764,119,89,35,46,189,185,61,54,37,52,62,62,44,47,292,348,13,14,8,13,47,29,40,27,30,33,71,86,16,17,9,15,57,32,61,59,22,21,40,60,714,194,7,11,0,14
131210101082,1308,509,1169,543,58,69,0,14,54,64,0,14,0,14,17,20,10,16,1308,509,32,53,0,14,16,26,68,77,9,15,120,188,0,14,21,35,0,14,22,35,76,57,12,15,0,14,5,10,24,23,6,9,13,15,12,14,5,8,0,14,458,139,0,14,0,14
131210101083,1003,315,587,237,347,288,4,7,25,40,0,14,0,14,29,46,11,22,1003,315,0,14,0,14,0,14,0,14,0,14,0,14,105,145,17,26,10,18,24,22,19,17,50,33,0,14,8,14,34,27,0,14,54,41,63,60,12,18,186,182,625,211,0,14,199,193
131210101151,1622,400,1021,194,36,44,0,14,135,133,0,14,0,14,35,42,395,334,1622,400,59,46,15,19,15,20,64,42,19,20,38,32,81,67,11,17,12,19,51,47,28,35,41,37,0,14,0,14,15,21,12,18,43,39,262,232,12,19,0,14,491,73,0,14,0,14
131210101152,1485,294,685,198,701,251,10,22,21,22,0,14,0,14,0,14,68,43,1485,294,91,73,13,21,14,22,60,93,47,44,35,36,0,14,0,14,15,22,0,14,36,27,0,14,20,22,8,16,47,73,22,26,57,49,34,43,23,38,60,40,682,150,0,14,11,18
131210101171,1839,457,657,260,690,372,7,11,328,248,0,14,0,14,144,112,13,21,1839,457,18,29,49,54,0,14,35,50,67,80,75,80,0,14,0,14,24,40,5,9,31,28,16,21,0,14,0,14,12,21,17,23,12,21,15,20,0,14,0,14,911,190,0,14,71,87
131210101172,706,420,158,117,158,149,0,14,0,14,0,14,0,14,71,89,319,346,706,420,64,59,0,14,0,14,0,14,0,14,0,14,141,222,0,14,0,14,0,14,14,22,0,14,0,14,0,14,0,14,0,14,12,19,0,14,0,14,0,14,321,176,0,14,25,41
131210101173,1383,586,359,162,557,477,0,14,141,154,0,14,0,14,45,53,281,189,1383,586,0,14,0,14,0,14,0,14,4,8,122,187,0,14,0,14,0,14,0,14,0,14,0,14,0,14,0,14,0,14,0,14,0,14,0,14,0,14,0,14,930,427,0,14,63,80
131210101201,1019,380,417,183,227,160,0,14,106,118,0,14,0,14,251,309,18,26,1019,380,32,46,0,14,34,55,0,14,30,44,0,14,0,14,0,14,0,14,61,89,1,7,0,14,0,14,0,14,7,11,28,37,206,305,20,25,0,14,0,14,570,322,26,33,0,14
131210101202,1877,700,1019,644,283,163,0,14,21,23,0,14,214,282,90,72,250,188,1877,700,127,128,0,14,0,14,0,14,146,182,45,72,14,23,0,14,0,14,0,14,0,14,0,14,14,24,0,14,24,28,8,13,51,54,6,12,1,6,13,23,925,240,0,14,34,54
131210101211,1639,410,1005,198,357,341,0,14,106,76,0,14,0,14,90,66,81,99,1639,410,13,19,11,18,8,12,62,82,15,23,53,61,0,14,73,95,6,9,25,36,68,51,51,57,61,66,48,32,7,33,55,42,20,21,17,20,57,40,198,84,681,126,61,37,38,35
131210101212,325,118,148,76,118,96,0,14,48,58,0,14,0,14,0,14,11,19,325,118,0,14,0,14,0,14,0,14,0,14,0,14,0,14,0,14,0,14,0,14,0,14,0,14,9,16,0,14,0,14,0,14,0,14,11,19,0,14,0,14,270,102,0,14,13,21
131210101213,815,213,534,239,170,122,0,14,54,47,0,14,0,14,0,14,57,46,815,213,16,23,0,14,0,14,29,40,0,14,37,27,0,14,0,14,0,14,0,14,8,12,16,19,0,14,0,14,13,21,16,17,21,18,39,113,0,14,13,21,590,178,17,20,10,16
131210101241,119,96,34,41,24,40,0,14,0,14,0,14,0,14,7,11,54,85,119,96,0,14,0,14,0,14,0,14,0,14,0,14,0,14,0,14,0,14,0,14,0,14,0,14,0,14,0,14,0,14,0,14,0,14,0,14,0,14,0,14,73,53,0,14,0,14
131210101242,1528,301,211,138,773,252,0,14,0,14,0,14,0,14,70,91,474,299,1528,301,28,47,171,110,56,48,0,14,115,105,29,33,107,90,0,14,0,14,0,14,0,14,0,14,0,14,0,14,0,14,0,14,11,17,0,14,0,14,0,14,504,128,0,14,20,29
131210101243,536,464,126,68,34,52,0,14,17,30,0,14,15,26,15,26,329,453,536,464,0,14,0,14,0,14,0,14,0,14,15,26,1,4,0,14,0,14,0,14,0,14,0,14,0,14,0,14,0,14,0,14,0,14,0,14,0,14,0,14,456,456,0,14,0,14
131210101251,1798,794,578,395,537,368,0,14,27,29,0,14,0,14,353,271,303,312,1798,794,88,92,121,102,0,14,0,14,51,75,36,51,0,14,0,14,0,14,0,14,0,14,0,14,30,47,0,14,0,14,8,14,33,51,14,21,0,14,15,25,696,300,14,21,8,14
131210101252,1444,326,555,190,706,261,0,14,41,50,0,14,63,101,49,74,30,38,1444,326,24,38,0,14,0,14,0,14,0,14,0,14,0,14,0,14,0,14,0,14,15,24,0,14,0,14,0,14,25,40,0,14,0,14,55,85,62,73,0,14,885,173,0,14,230,166
131210101261,472,184,270,146,69,77,0,14,82,61,0,14,0,14,0,14,51,62,472,184,0,14,6,16,5,16,0,14,10,20,2,12,0,14,0,14,0,14,0,14,0,14,0,14,5,12,0,14,0,14,0,14,17,24,23,26,5,12,0,14,267,100,0,14,30,41
131210101262,639,209,254,142,79,78,5,10,0,14,0,14,26,40,26,24,249,159,639,209,31,29,49,34,11,20,0,14,41,36,40,49,0,14,12,22,0,14,12,19,13,20,12,22,0,14,0,14,21,23,13,20,22,27,0,14,0,14,7,12,312,97,55,47,0,14
131210101263,934,346,467,271,124,88,0,14,102,82,0,14,0,14,25,41,216,174,934,346,24,36,0,14,0,14,0,14,40,57,0,14,0,14,0,14,13,22,0,14,0,14,7,13,11,18,0,14,0,14,34,33,0,14,19,17,0,14,112,173,592,251,0,14,23,33
131210101271,529,220,326,201,29,34,0,14,150,162,0,14,0,14,0,14,24,38,529,220,24,32,4,10,45,51,17,31,0,14,0,14,0,14,0,14,0,14,0,14,14,24,13,19,13,21,0,14,0,14,0,14,0,14,11,18,12,19,0,14,256,87,6,13,0,14
131210101272,505,257,349,209,1,2,0,14,111,186,0,14,0,14,0,14,44,73,505,257,0,14,46,55,0,14,0,14,0,14,47,55,0,14,17,30,0,14,0,14,34,56,22,30,0,14,10,19,8,15,34,58,23,32,0,14,28,35,0,14,173,73,8,15,0,14
131210101273,1034,563,427,397,491,290,0,14,71,75,0,14,0,14,0,14,45,72,1034,563,0,14,0,14,0,14,0,14,79,124,0,14,0,14,0,14,0,14,9,14,0,14,19,29,0,14,0,14,48,82,20,30,0,14,0,14,0,14,0,14,462,200,0,14,0,14
131210101274,460,187,231,111,121,140,0,14,91,91,0,14,0,14,0,14,17,27,460,187,0,14,0,14,49,56,0,14,0,14,0,14,0,14,0,14,0,14,13,20,0,14,11,17,0,14,24,27,14,21,0,14,0,14,0,14,16,27,37,31,233,72,0,14,32,32
131210101281,584,371,69,65,461,367,0,14,22,43,0,14,0,14,0,14,32,35,584,371,67,102,0,14,0,14,0,14,7,14,0,14,65,101,20,30,0,14,0,14,0,14,0,14,0,14,0,14,0,14,0,14,0,14,0,14,0,14,0,14,329,237,0,14,0,14
131210101282,1035,355,294,230,407,390,0,14,0,14,0,14,0,14,38,62,296,267,1035,355,0,14,0,14,29,43,0,14,0,14,20,35,0,14,0,14,0,14,0,14,0,14,0,14,0,14,0,14,0,14,0,14,0,14,0,14,0,14,5,8,402,120,0,14,0,14
131210101291,744,300,468,244,39,88,0,14,142,161,0,14,0,14,62,133,33,52,744,300,0,14,0,14,0,14,0,14,0,14,21,48,0,14,0,14,0,14,0,14,82,103,0,14,29,46,0,14,0,14,0,14,0,14,0,14,57,68,0,14,439,172,0,14,0,14
131210101292,1171,394,578,310,355,256,0,14,0,14,0,14,0,14,0,14,238,148,1171,394,0,14,0,14,0,14,0,14,0,14,102,68,0,14,0,14,0,14,23,37,0,14,0,14,0,14,0,14,0,14,0,14,0,14,0,14,0,14,0,14,851,314,0,14,102,66
131210101293,1541,1017,1295,989,101,89,0,14,54,72,0,14,91,135,0,14,0,14,1541,1017,29,45,316,386,25,46,0,14,26,39,46,48,21,39,18,42,0,14,40,66,36,47,0,14,7,14,0,14,0,14,5,9,37,47,38,62,6,13,27,20,556,345,0,14,0,14
131210101294,902,334,650,296,151,138,0,14,0,14,0,14,0,14,0,14,101,129,902,334,0,14,0,14,32,56,0,14,0,14,32,55,0,14,0,14,0,14,0,14,71,111,27,42,0,14,0,14,45,73,0,14,0,14,0,14,28,46,0,14,635,204,0,14,0,14
131210101301,12,21,0,14,0,14,2,3,0,14,0,14,0,14,10,19,0,14,12,21,0,14,0,14,10,19,0,14,0,14,0,14,0,14,0,14,0,14,0,14,0,14,0,14,0,14,0,14,0,14,0,14,0,14,0,14,0,14,0,14,2,3,0,14,0,14
131210101302,1704,578,903,420,612,597,0,14,101,113,0,14,39,59,49,60,0,14,1704,578,314,267,67,79,0,14,0,14,123,72,161,135,0,14,0,14,9,24,16,26,0,14,0,14,0,14,0,14,33,48,0,14,22,36,0,14,0,14,0,14,616,257,10,21,0,14
131210101303,409,339,0,14,100,154,0,14,141,156,0,14,0,14,168,252,0,14,409,339,32,53,0,14,0,14,0,14,22,37,0,14,0,14,0,14,46,71,0,14,0,14,0,14,0,14,0,14,0,14,0,14,0,14,0,14,0,14,0,14,265,268,0,14,199,256
131210101304,1364,513,562,291,23,39,0,14,371,294,0,14,0,14,300,406,108,174,1364,513,0,14,0,14,23,45,0,14,37,65,52,69,0,14,0,14,0,14,0,14,0,14,24,38,0,14,0,14,0,14,0,14,0,14,0,14,23,36,0,14,617,237,0,14,88,98
131210101305,684,269,218,115,89,113,10,17,279,209,0,14,0,14,88,139,0,14,684,269,0,14,13,23,0,14,0,14,20,42,0,14,0,14,0,14,0,14,0,14,0,14,7,21,0,14,0,14,0,14,21,35,9,27,0,14,0,14,0,14,513,196,0,14,0,14
131210101311,2356,842,424,111,850,754,9,15,727,381,0,14,45,64,124,140,177,147,2356,842,459,388,138,184,42,60,0,14,105,89,19,31,53,76,0,14,0,14,19,29,37,49,22,30,0,14,26,27,14,22,33,35,36,37,11,17,0,14,33,35,862,95,0,14,101,76
131210101312,707,466,512,442,18,33,0,14,161,242,0,14,0,14,16,29,0,14,707,466,18,22,38,48,0,14,0,14,33,53,38,63,19,24,0,14,11,19,0,14,12,23,0,14,0,14,0,14,11,19,0,14,13,23,0,14,0,14,0,14,389,384,0,14,16,29
131210101321,1588,509,805,250,124,76,0,14,185,190,0,14,14,22,20,33,440,429,1588,509,66,66,77,77,23,37,93,143,47,33,28,26,44,72,0,14,11,17,6,10,21,15,5,9,6,9,59,56,17,24,37,43,47,53,31,39,53,50,152,92,739,188,0,14,175,94
131210101322,239,165,72,70,28,44,0,14,93,120,0,14,0,14,33,45,13,23,239,165,0,14,0,14,16,26,0,14,0,14,21,33,0,14,0,14,0,14,0,14,0,14,0,14,0,14,0,14,12,19,0,14,0,14,0,14,0,14,0,14,146,91,0,14,0,14
131210101323,1789,660,654,356,782,559,0,14,88,59,0,14,82,128,112,155,71,89,1789,660,46,53,0,14,89,138,0,14,94,148,0,14,0,14,14,31,0,14,5,9,0,14,25,39,0,14,5,9,0,14,5,10,43,47,0,14,5,8,0,14,1027,370,0,14,103,154
131210101331,788,326,506,277,29,56,0,14,197,83,0,14,0,14,12,24,44,54,788,326,0,14,0,14,0,14,0,14,66,76,0,14,0,14,0,14,10,17,0,14,0,14,0,14,34,35,0,14,0,14,18,29,15,25,31,36,29,34,0,14,508,190,0,14,34,52
131210101332,2379,674,1122,420,594,440,0,14,310,207,0,14,24,41,171,192,158,134,2379,674,125,149,0,14,13,25,127,189,0,14,42,66,81,115,25,40,0,14,14,23,10,19,14,21,137,184,30,34,10,22,0,14,33,30,95,107,0,14,77,60,1398,393,21,35,64,81
131210101333,2477,571,592,258,1044,547,0,14,611,387,0,14,0,14,199,245,31,54,2477,571,0,14,0,14,0,14,0,14,90,123,167,150,0,14,0,14,0,14,0,14,0,14,63,99,0,14,0,14,0,14,26,36,0,14,0,14,0,14,0,14,1467,363,0,14,90,106
131210101341,763,248,69,65,263,213,0,14,105,134,0,14,91,140,97,111,138,131,763,248,26,46,0,14,0,14,22,35,0,14,0,14,0,14,0,14,23,39,0,14,0,14,19,34,0,14,0,14,0,14,0,14,0,14,0,14,0,14,0,14,447,158,23,39,91,132
131210101342,616,299,227,205,140,190,0,14,127,135,0,14,0,14,0,14,122,152,616,299,25,37,0,14,0,14,0,14,56,94,22,32,0,14,0,14,0,14,0,14,59,90,0,14,0,14,0,14,0,14,0,14,0,14,0,14,0,14,0,14,304,146,0,14,0,14
131210101343,922,317,367,140,232,241,0,14,130,191,0,14,0,14,25,41,168,43,922,317,92,25,32,47,0,14,0,14,77,19,0,14,0,14,30,43,0,14,0,14,0,14,0,14,0,14,0,14,0,14,0,14,0,14,20,31,0,14,0,14,507,253,0,14,0,14
131210101351,690,285,375,169,167,141,7,11,10,16,0,14,77,105,16,138,38,40,690,285,14,19,0,14,7,14,10,17,38,62,2,9,15,84,0,14,16,27,0,14,0,14,19,21,0,14,0,14,10,15,39,56,13,21,8,14,0,14,35,53,286,88,10,15,0,14
131210101352,469,246,0,14,258,168,0,14,0,14,0,14,0,14,0,14,211,238,469,246,95,132,0,14,0,14,0,14,0,14,0,14,0,14,0,14,0,14,0,14,0,14,0,14,0,14,0,14,0,14,0,14,22,39,0,14,0,14,0,14,340,161,0,14,0,14
131210101353,546,400,89,90,233,325,0,14,0,14,0,14,0,14,45,49,179,142,546,400,0,14,27,38,30,51,0,14,0,14,27,39,30,51,0,14,0,14,0,14,0,14,0,14,0,14,0,14,0,14,0,14,0,14,0,14,0,14,0,14,321,228,0,14,100,164
131210101361,1548,386,949,296,234,298,0,14,28,34,0,14,0,14,32,49,305,182,1548,386,38,44,44,37,47,33,0,14,54,55,69,108,34,52,72,81,0,14,0,14,23,27,0,14,0,14,0,14,0,14,0,14,10,16,24,39,0,14,0,14,733,137,0,14,0,14
131210101362,1910,618,1652,587,24,39,0,14,21,24,0,14,0,14,12,15,201,204,1910,618,70,50,65,68,48,39,43,36,100,76,22,32,49,39,30,46,0,14,19,23,33,37,10,15,0,14,0,14,0,14,19,29,35,30,0,14,0,14,0,14,826,373,0,14,10,16
131210101371,1561,360,983,230,281,285,0,14,86,71,0,14,11,16,77,58,123,111,1561,360,38,44,25,31,61,48,0,14,6,9,0,14,23,28,34,37,24,29,42,40,60,50,24,26,56,38,0,14,22,35,36,32,24,28,20,28,0,14,57,59,831,182,0,14,37,58
131210101372,682,210,440,152,61,81,0,14,31,36,0,14,0,14,10,17,140,97,682,210,39,44,0,14,51,56,0,14,0,14,40,55,18,27,13,22,38,43,0,14,12,19,11,18,51,80,0,14,20,23,12,19,12,19,11,16,32,25,0,14,343,122,0,14,0,14
131210101373,929,377,297,293,185,132,0,14,54,93,0,14,0,14,33,52,360,312,929,377,13,23,48,75,43,68,0,14,63,83,23,26,0,14,0,14,13,20,0,14,0,14,0,14,0,14,0,14,13,21,27,32,0,14,0,14,0,14,0,14,520,292,0,14,70,69
131210102041,989,272,894,258,0,14,0,14,9,15,0,14,0,14,74,74,12,19,989,272,39,35,45,41,31,36,12,19,56,35,33,41,44,43,0,14,13,15,11,16,29,27,8,12,12,15,0,14,9,14,32,29,35,29,12,15,0,14,9,14,390,99,31,48,0,14
131210102042,2272,600,2010,548,58,70,0,14,77,121,0,14,0,14,95,72,32,33,2272,600,47,41,84,64,73,44,113,156,22,23,106,65,94,59,18,20,8,15,26,21,49,53,34,26,101,124,123,155,9,15,53,46,43,22,45,35,73,114,103,150,864,233,0,14,0,14
131210102043,960,325,796,259,6,108,0,14,61,54,0,14,0,14,97,96,0,14,960,325,15,22,24,24,22,20,18,38,82,86,40,35,16,20,48,40,6,9,0,14,20,20,16,18,17,27,0,14,0,14,13,16,40,28,51,38,9,13,22,24,357,98,0,14,0,14
131210102044,744,202,701,191,21,35,0,14,0,14,0,14,0,14,22,34,0,14,744,202,35,36,15,23,22,26,25,28,27,29,14,23,46,44,17,29,19,20,25,37,43,43,7,11,16,20,21,31,10,16,0,14,42,41,7,11,19,29,0,14,259,70,0,14,0,14
131210102111,1047,251,924,232,32,51,0,14,66,87,0,14,0,14,8,13,17,17,1047,251,45,40,24,34,0,14,52,41,9,15,18,30,63,42,15,19,8,13,31,51,44,60,0,14,6,10,7,11,9,13,11,18,16,19,43,58,14,16,7,13,417,113,0,14,0,14
131210102112,892,378,753,393,126,111,0,14,13,19,0,14,0,14,0,14,0,14,892,378,15,25,0,14,0,14,0,14,0,14,0,14,0,14,0,14,0,14,10,17,0,14,0,14,0,14,0,14,0,14,0,14,0,14,0,14,0,14,0,14,492,160,0,14,0,14
131210102113,566,212,460,190,11,16,0,14,15,18,0,14,0,14,8,13,72,81,566,212,15,21,62,45,19,22,14,21,3,6,29,45,12,19,21,25,0,14,0,14,0,14,0,14,0,14,7,18,9,14,8,13,9,14,0,14,7,11,0,14,183,63,0,14,0,14
131210102114,754,235,595,180,43,59,0,14,43,60,0,14,6,10,21,24,46,54,754,235,12,19,0,14,35,31,50,39,6,10,0,14,33,26,47,32,0,14,18,22,0,14,14,16,5,9,0,14,0,14,12,19,0,14,0,14,14,16,0,14,311,120,0,14,0,14
131210102121,750,345,438,222,84,145,0,14,94,131,0,14,0,14,0,14,134,189,750,345,154,112,18,30,0,14,0,14,18,27,47,62,0,14,9,16,0,14,22,24,0,14,35,60,0,14,42,38,9,15,12,20,9,13,10,17,21,33,0,14,239,99,0,14,0,14
131210102122,1702,1110,0,14,216,305,0,14,0,14,0,14,0,14,0,14,1486,1063,1702,1110,17,39,0,14,108,147,186,206,72,117,132,215,0,14,141,227,0,14,0,14,26,43,0,14,0,14,0,14,0,14,0,14,0,14,0,14,0,14,0,14,431,280,0,14,64,103
131210102123,1069,435,572,251,289,378,0,14,24,30,0,14,0,14,156,200,28,35,1069,435,0,14,43,68,130,168,13,21,0,14,44,68,0,14,13,24,23,25,14,21,19,24,34,37,0,14,0,14,9,16,76,48,11,18,0,14,0,14,9,14,459,140,0,14,0,14
131210102124,843,338,562,286,75,103,0,14,2,6,0,14,0,14,57,68,147,153,843,338,0,14,0,14,0,14,0,14,0,14,4,12,18,32,19,32,0,14,65,105,0,14,0,14,0,14,0,14,10,15,39,62,117,107,0,14,0,14,0,14,690,314,0,14,14,25
131210102125,1330,929,587,783,139,146,0,14,0,14,0,14,22,34,0,14,582,566,1330,929,22,38,12,20,0,14,0,14,276,310,0,14,12,19,26,55,0,14,0,14,0,14,0,14,0,14,0,14,0,14,0,14,0,14,0,14,0,14,0,14,642,461,0,14,0,14
131210102131,872,171,270,68,514,190,0,14,36,49,0,14,0,14,7,14,45,67,872,171,52,79,7,12,5,9,0,14,38,48,14,24,65,51,0,14,0,14,0,14,5,9,5,11,0,14,0,14,0,14,28,30,20,27,4,8,0,14,4,8,532,75,4,8,8,12
131210102141,839,305,133,84,434,235,0,14,19,21,0,14,0,14,0,14,253,249,839,305,112,158,0,14,39,61,0,14,0,14,40,63,0,14,0,14,0,14,0,14,9,14,0,14,0,14,0,14,0,14,0,14,0,14,8,14,0,14,0,14,543,143,0,14,46,76
131210102142,322,283,250,278,72,84,0,14,0,14,0,14,0,14,0,14,0,14,322,283,0,14,0,14,0,14,0,14,0,14,0,14,0,14,0,14,0,14,113,141,0,14,0,14,0,14,0,14,0,14,0,14,0,14,0,14,0,14,0,14,229,169,0,14,142,138
131210102143,910,546,417,119,0,14,0,14,40,43,0,14,0,14,29,49,424,556,910,546,0,14,0,14,15,26,0,14,0,14,0,14,0,14,0,14,41,56,0,14,0,14,0,14,10,16,24,30,67,65,12,18,0,14,21,25,32,32,111,52,763,546,424,556,113,53
131210102151,820,296,201,185,356,246,0,14,33,51,0,14,0,14,126,153,104,96,820,296,65,40,0,14,0,14,34,46,71,45,53,81,0,14,0,14,0,14,0,14,8,12,0,14,0,14,0,14,0,14,0,14,0,14,7,10,28,39,0,14,323,110,0,14,19,30
131210102152,1154,320,749,267,99,105,0,14,129,129,0,14,0,14,136,92,41,44,1154,320,17,31,6,25,0,14,36,39,37,52,4,16,31,34,0,14,5,12,31,31,37,27,51,88,3,5,7,12,31,44,22,20,36,30,16,17,0,14,32,27,554,208,0,14,7,12
131210102161,1801,615,331,161,1302,632,0,14,94,88,0,14,0,14,34,40,40,35,1801,615,28,43,19,31,59,78,0,14,73,74,7,13,154,226,128,147,23,38,58,61,15,24,0,14,11,16,13,21,70,59,36,43,26,30,10,15,68,65,0,14,767,235,0,14,35,43
131210102162,1707,432,1301,429,170,136,0,14,0,14,0,14,54,96,56,60,126,168,1707,432,31,33,50,40,99,98,25,34,38,31,73,60,42,42,6,13,0,14,16,25,23,33,28,31,13,23,13,19,22,31,17,27,47,40,10,17,12,18,0,14,590,141,0,14,11,18
131210102171,1552,363,829,293,275,177,0,14,90,84,0,14,0,14,137,105,221,196,1552,363,0,14,0,14,31,37,0,14,0,14,30,36,43,38,59,74,6,15,15,25,11,18,42,45,0,14,0,14,0,14,13,23,12,22,29,42,0,14,0,14,862,186,39,47,0,14
131210102172,878,384,614,260,46,80,0,14,58,45,0,14,0,14,11,19,149,184,878,384,46,55,0,14,11,19,0,14,60,53,0,14,0,14,38,40,6,10,0,14,44,49,8,12,0,14,18,25,10,16,31,35,46,61,16,23,0,14,0,14,341,134,0,14,0,14
131210102181,821,405,431,302,287,214,20,32,0,14,0,14,0,14,35,43,48,34,821,405,0,14,0,14,0,14,0,14,0,14,33,57,0,14,0,14,10,17,0,14,5,10,5,10,0,14,0,14,0,14,0,14,16,18,0,14,0,14,0,14,520,221,0,14,0,14
131210102182,818,361,271,133,357,188,0,14,0,14,0,14,0,14,13,21,177,176,818,361,14,22,0,14,21,44,0,14,0,14,33,63,17,32,0,14,17,23,4,12,17,25,17,22,0,14,1,10,1,9,7,12,0,14,24,29,0,14,0,14,443,160,0,14,0,14
131210102191,147,124,111,110,36,60,0,14,0,14,0,14,0,14,0,14,0,14,147,124,0,14,0,14,0,14,0,14,0,14,0,14,0,14,0,14,0,14,0,14,0,14,0,14,0,14,0,14,0,14,0,14,0,14,0,14,0,14,0,14,127,113,0,14,0,14
131210102192,850,279,202,106,547,248,0,14,13,22,0,14,0,14,41,46,47,37,850,279,0,14,59,47,40,35,0,14,0,14,0,14,0,14,52,39,16,22,0,14,0,14,0,14,0,14,0,14,0,14,0,14,4,10,0,14,0,14,0,14,544,173,0,14,13,23
131210102193,1111,570,225,164,578,312,0,14,12,21,0,14,0,14,177,207,119,137,1111,570,0,14,94,95,0,14,0,14,83,136,0,14,0,14,2,13,0,14,0,14,0,14,0,14,0,14,0,14,0,14,0,14,0,14,0,14,0,14,0,14,551,265,0,14,0,14
131210102201,2514,579,1892,505,139,159,0,14,176,160,0,14,0,14,210,202,97,118,2514,579,27,36,87,64,107,68,123,118,79,75,165,85,91,110,66,48,15,26,5,8,56,57,11,18,20,26,0,14,34,54,0,14,96,61,54,57,17,28,0,14,984,200,0,14,44,57
131210102202,917,384,426,163,241,217,0,14,159,215,0,14,0,14,0,14,91,80,917,384,0,14,0,14,50,78,0,14,29,47,35,55,0,14,0,14,0,14,0,14,0,14,8,13,0,14,37,55,118,160,0,14,51,63,0,14,34,50,0,14,605,226,0,14,127,164
131210102203,1175,454,922,339,26,43,0,14,0,14,0,14,0,14,60,99,167,179,1175,454,38,50,89,83,0,14,0,14,0,14,28,43,116,87,0,14,0,14,19,29,54,86,17,27,5,7,19,33,19,29,39,45,109,105,0,14,24,32,0,14,577,215,22,36,68,102
131210102211,1060,246,681,203,20,32,0,14,226,181,0,14,0,14,43,43,90,130,1060,246,43,68,45,33,0,14,0,14,39,41,53,33,0,14,12,19,7,12,0,14,19,24,10,17,0,14,8,14,54,60,0,14,9,15,0,14,9,15,16,18,495,140,9,15,0,14
131210102212,414,127,272,136,142,123,0,14,0,14,0,14,0,14,0,14,0,14,414,127,0,14,0,14,0,14,0,14,0,14,0,14,0,14,0,14,0,14,11,18,0,14,0,14,8,12,0,14,0,14,71,106,0,14,7,11,0,14,0,14,326,118,23,32,86,111
131210102213,559,351,469,329,13,22,0,14,0,14,0,14,0,14,0,14,77,68,559,351,4,9,0,14,0,14,0,14,0,14,0,14,0,14,0,14,14,23,0,14,13,21,0,14,0,14,0,14,10,19,0,14,0,14,77,121,0,14,112,175,291,195,0,14,0,14
131210102221,1746,712,1335,715,87,114,0,14,171,113,0,14,0,14,60,47,93,86,1746,712,10,15,7,11,62,53,30,25,33,30,31,26,38,51,34,29,29,29,11,16,186,180,26,20,12,14,0,14,28,35,49,40,29,21,50,29,14,15,0,14,596,187,10,14,0,14
131210102222,989,196,909,198,32,32,0,14,6,9,0,14,0,14,11,18,31,31,989,196,15,22,11,16,25,30,35,32,13,19,25,24,49,34,36,35,19,17,9,14,16,15,13,14,24,18,9,12,6,9,6,10,40,32,24,19,12,11,6,10,367,69,6,9,0,14
131210102231,1700,437,1345,392,76,82,0,14,100,94,0,14,21,33,29,35,129,88,1700,437,0,14,50,48,54,44,45,36,0,14,39,36,21,23,37,34,0,14,10,15,31,27,65,42,40,28,52,69,9,15,58,37,41,30,69,37,49,42,9,16,708,155,9,16,0,14
131210102232,673,186,510,180,74,73,0,14,39,50,0,14,0,14,25,29,25,33,673,186,0,14,0,14,11,18,55,34,0,14,15,23,11,17,8,14,10,16,9,16,11,15,62,74,19,16,0,14,12,19,23,29,64,77,30,29,17,19,9,14,368,89,0,14,0,14
131210102233,790,320,694,292,0,14,0,14,87,119,0,14,0,14,0,14,9,14,790,320,0,14,72,47,37,45,54,64,0,14,66,59,29,37,0,14,19,22,0,14,23,19,22,24,0,14,11,18,18,28,0,14,19,22,0,14,0,14,0,14,245,83,0,14,0,14
131210114214,486,243,255,160,80,85,0,14,38,41,0,14,0,14,57,80,56,96,486,243,0,14,0,14,0,14,0,14,0,14,0,14,0,14,0,14,20,30,0,14,0,14,0,14,0,14,0,14,0,14,16,24,3,8,11,18,0,14,0,14,286,152,0,14,0,14
131210114221,1035,241,681,222,90,124,0,14,125,123,0,14,0,14,68,87,71,96,1035,241,0,14,4,16,41,49,51,51,11,20,26,32,0,14,36,41,19,30,0,14,35,33,16,26,0,14,0,14,17,34,60,58,0,14,14,21,23,42,0,14,466,106,0,14,0,14
131210114222,873,301,371,170,267,133,0,14,29,30,0,14,197,111,0,14,9,13,873,301,33,47,85,43,0,14,0,14,8,14,13,19,0,14,62,36,0,14,15,25,48,26,10,19,1,3,0,14,15,24,0,14,15,24,11,17,0,14,1,3,361,118,0,14,0,14
131210114223,1450,410,1383,410,15,21,0,14,0,14,0,14,0,14,7,23,45,55,1450,410,20,27,24,29,27,30,16,26,11,17,8,13,90,59,22,32,14,21,49,39,36,36,0,14,13,22,2,4,23,27,14,22,64,42,14,20,54,57,34,31,699,231,12,19,0,14
131210114231,952,386,867,382,27,47,0,14,9,15,0,14,0,14,8,12,41,51,952,386,51,40,7,13,8,14,0,14,37,30,83,67,8,12,24,31,9,13,8,13,29,29,36,39,0,14,0,14,8,13,26,41,45,33,0,14,0,14,0,14,316,88,0,14,0,14
131210114232,2545,1108,2103,1069,50,64,0,14,184,228,0,14,0,14,28,40,180,143,2545,1108,117,78,111,92,419,435,21,24,46,41,91,59,76,39,42,56,8,14,18,19,7,12,9,15,25,23,39,49,0,14,17,19,9,17,87,115,22,21,0,14,842,347,0,14,0,14
131210114233,1433,469,906,272,218,207,0,14,29,29,0,14,0,14,206,238,74,65,1433,469,27,24,24,19,7,12,0,14,21,22,0,14,0,14,24,26,0,14,32,31,6,11,39,48,0,14,0,14,0,14,6,11,24,23,18,24,8,13,40,46,734,252,0,14,0,14
131210114234,1264,314,889,317,2,4,2,5,51,57,0,14,68,100,37,49,215,163,1264,314,117,74,14,17,91,59,79,61,38,28,55,61,46,46,38,38,0,14,13,20,45,73,0,14,0,14,0,14,15,17,22,24,33,44,0,14,1,5,14,14,396,109,0,14,0,14
131210114241,2774,1160,1894,1004,205,151,0,14,69,102,0,14,0,14,290,322,316,375,2774,1160,73,57,13,23,20,33,175,229,314,274,68,63,94,123,262,364,0,14,0,14,20,25,0,14,95,156,0,14,17,28,29,35,65,56,59,59,111,161,0,14,987,290,27,36,0,14
131210114242,666,318,244,111,0,14,0,14,382,309,0,14,0,14,0,14,40,47,666,318,0,14,20,35,0,14,0,14,0,14,0,14,128,104,0,14,0,14,0,14,0,14,0,14,18,28,0,14,0,14,0,14,0,14,0,14,33,36,0,14,322,125,0,14,0,14
131210114243,641,265,418,232,99,136,0,14,24,40,0,14,0,14,24,39,76,128,641,265,0,14,0,14,67,64,0,14,0,14,0,14,27,45,0,14,34,60,0,14,42,51,18,27,0,14,0,14,0,14,0,14,71,52,0,14,0,14,0,14,248,84,0,14,0,14
131210114244,2372,724,1293,509,278,215,0,14,181,190,0,14,0,14,84,91,536,475,2372,724,67,81,49,71,168,156,20,34,86,79,29,49,67,92,100,84,54,93,66,54,102,90,0,14,16,26,0,14,55,50,105,100,34,37,43,47,30,52,0,14,744,195,36,65,0,14
131210114281,903,256,807,249,30,33,0,14,9,14,0,14,0,14,0,14,57,68,903,256,8,15,9,14,20,27,19,21,7,12,65,61,22,27,0,14,0,14,38,47,30,36,18,37,35,34,7,13,47,64,51,68,28,22,30,30,7,12,26,27,387,124,0,14,0,14
131210114282,1387,312,1067,316,119,121,18,31,54,76,0,14,18,28,51,77,60,76,1387,312,12,19,11,19,56,54,15,23,13,21,110,92,76,56,41,33,9,14,38,36,45,41,0,14,0,14,8,14,0,14,26,23,16,19,27,35,0,14,0,14,487,88,0,14,0,14
131210114291,779,245,548,232,52,69,0,14,87,112,0,14,0,14,53,63,39,48,779,245,0,14,32,32,0,14,40,47,14,23,0,14,68,79,0,14,29,32,9,15,35,32,9,14,18,21,0,14,15,23,9,16,55,34,14,18,0,14,16,25,295,81,0,14,0,14
131210114292,1862,497,731,235,332,287,0,14,179,138,0,14,154,193,121,117,345,92,1862,497,44,44,25,25,29,44,119,175,39,43,82,67,24,41,89,64,13,19,39,38,52,37,31,24,0,14,0,14,36,31,19,22,48,39,9,13,8,12,0,14,663,162,7,15,0,14
131210114294,1657,479,786,194,220,287,0,14,306,161,0,14,78,89,229,299,38,44,1657,479,17,23,59,60,19,25,34,32,63,99,66,90,97,72,29,35,11,19,0,14,0,14,0,14,10,15,7,12,0,14,9,14,23,26,25,25,24,23,0,14,733,194,0,14,0,14
131210114301,1744,499,122,109,209,213,0,14,0,14,0,14,0,14,0,14,1413,446,1744,499,161,69,252,104,17,27,31,50,34,55,79,85,171,150,132,105,13,20,0,14,0,14,0,14,0,14,0,14,0,14,0,14,25,44,0,14,0,14,0,14,510,176,0,14,51,59
131210114302,1147,515,244,151,619,431,0,14,0,14,0,14,0,14,0,14,284,207,1147,515,0,14,26,45,67,93,35,54,84,113,76,101,29,45,0,14,0,14,0,14,0,14,0,14,0,14,0,14,0,14,0,14,0,14,0,14,0,14,0,14,477,167,0,14,108,103
131210114303,1232,495,285,151,636,427,0,14,0,14,0,14,0,14,0,14,311,283,1232,495,0,14,38,66,31,48,34,56,61,82,39,67,0,14,0,14,0,14,0,14,0,14,0,14,0,14,0,14,0,14,0,14,9,15,0,14,0,14,0,14,549,197,0,14,23,35
131210114312,175,195,89,136,86,145,0,14,0,14,0,14,0,14,0,14,0,14,175,195,0,14,0,14,0,14,0,14,69,80,0,14,0,14,0,14,0,14,0,14,0,14,0,14,0,14,0,14,0,14,0,14,0,14,0,14,0,14,0,14,78,90,0,14,0,14
131210114321,2345,755,556,296,519,452,0,14,285,206,0,14,0,14,263,256,722,776,2345,755,122,130,0,14,10,22,98,113,8,27,35,53,102,109,83,103,0,14,0,14,18,30,26,45,0,14,0,14,0,14,53,83,24,39,0,14,0,14,0,14,864,178,0,14,0,14
131210114322,1544,468,607,195,726,469,0,14,19,31,0,14,0,14,30,49,162,153,1544,468,0,14,0,14,187,253,20,34,0,14,26,41,0,14,27,46,0,14,25,40,19,31,0,14,0,14,0,14,0,14,0,14,0,14,0,14,0,14,0,14,844,208,0,14,44,48
131210114323,246,146,191,108,0,14,0,14,55,83,0,14,0,14,0,14,0,14,246,146,0,14,0,14,0,14,0,14,0,14,0,14,0,14,23,32,0,14,15,25,16,24,0,14,0,14,0,14,0,14,30,34,0,14,0,14,0,14,0,14,122,63,0,14,0,14
131210114331,1117,396,872,357,0,14,0,14,24,44,0,14,0,14,195,191,26,45,1117,396,88,95,54,49,17,21,43,42,53,69,9,18,59,61,41,55,0,14,65,95,25,20,0,14,21,23,0,14,0,14,85,121,22,22,0,14,8,14,0,14,347,145,10,18,0,14
131210114332,951,253,714,239,121,128,0,14,72,83,0,14,0,14,25,41,19,32,951,253,15,28,0,14,15,23,11,17,6,13,43,48,11,16,30,53,40,45,72,62,51,49,9,16,0,14,0,14,62,58,24,26,10,18,0,14,0,14,10,17,380,88,0,14,0,14
131210114333,1160,517,1017,497,73,81,0,14,0,14,0,14,7,21,46,46,17,28,1160,517,53,51,8,12,23,39,47,31,62,36,8,12,84,47,10,17,12,21,7,13,10,16,8,13,0,14,72,113,0,14,15,21,8,14,0,14,0,14,0,14,404,184,0,14,0,14
131210114341,1572,418,894,209,27,47,0,14,44,33,0,14,0,14,50,84,557,344,1572,418,30,43,0,14,42,44,80,67,56,50,33,36,59,46,0,14,15,26,36,57,0,14,17,31,48,36,0,14,0,14,18,31,27,35,0,14,21,30,0,14,728,291,0,14,0,14
131210114342,2019,684,872,267,145,161,0,14,138,165,36,40,0,14,161,105,667,618,2019,684,49,59,40,33,0,14,71,73,32,30,157,188,86,71,51,45,0,14,17,27,20,34,0,14,0,14,0,14,18,29,0,14,76,87,0,14,17,27,4,6,658,188,10,16,0,14
131210114351,310,252,22,34,159,129,0,14,0,14,0,14,0,14,0,14,129,201,310,252,0,14,0,14,0,14,0,14,42,51,0,14,33,54,0,14,0,14,0,14,0,14,0,14,0,14,0,14,0,14,0,14,0,14,0,14,0,14,0,14,158,148,0,14,26,31
131210114352,1641,540,981,335,387,291,0,14,35,60,0,14,0,14,224,268,14,24,1641,540,141,142,0,14,65,86,30,45,0,14,0,14,53,61,103,121,85,81,38,43,70,70,11,18,0,14,0,14,29,33,12,20,50,39,23,26,25,36,0,14,706,165,0,14,0,14
131210114353,2077,524,1657,549,129,112,0,14,96,114,0,14,23,36,59,55,113,153,2077,524,40,35,27,36,139,68,26,39,83,63,14,22,86,57,32,46,50,85,10,19,12,19,12,18,0,14,13,20,41,42,124,99,0,14,24,27,22,24,46,60,752,158,0,14,0,14
131210114361,694,278,467,194,0,14,0,14,0,14,0,14,11,18,88,105,128,173,694,278,12,20,10,18,0,14,10,17,10,19,35,39,27,37,0,14,25,39,0,14,30,45,0,14,0,14,12,19,0,14,128,173,0,14,7,14,16,20,8,13,249,90,0,14,0,14
131210114362,1110,266,664,227,261,243,0,14,51,54,0,14,0,14,50,76,84,58,1110,266,14,23,55,65,0,14,58,51,35,39,9,16,59,59,19,29,51,45,18,29,31,35,25,32,0,14,0,14,20,31,44,39,25,30,16,25,0,14,0,14,403,87,0,14,0,14
131210114363,1270,455,942,434,16,25,0,14,0,14,0,14,0,14,55,41,257,156,1270,455,55,42,29,34,39,45,0,14,119,98,31,32,51,56,52,77,56,42,17,27,44,51,19,27,0,14,65,70,0,14,35,50,35,37,40,60,0,14,20,29,439,100,0,14,0,14
131210114371,1052,328,458,202,315,209,0,14,0,14,0,14,120,176,31,35,128,129,1052,328,66,95,8,15,23,37,0,14,0,14,0,14,0,14,0,14,6,17,51,37,111,124,4,7,0,14,0,14,18,26,146,180,75,72,62,81,11,18,0,14,646,232,0,14,133,121
131210114372,572,215,549,214,0,14,0,14,0,14,0,14,10,17,0,14,13,20,572,215,23,36,0,14,0,14,10,15,53,49,0,14,0,14,0,14,0,14,0,14,0,14,0,14,2,5,0,14,0,14,0,14,12,20,8,13,45,64,2,4,277,92,0,14,0,14
131210114373,892,447,562,319,229,242,0,14,67,112,0,14,0,14,7,12,27,32,892,447,0,14,0,14,0,14,17,27,77,97,95,119,43,46,0,14,0,14,0,14,14,22,0,14,0,14,0,14,0,14,12,20,0,14,27,28,0,14,0,14,396,175,0,14,0,14
131210114381,969,375,499,287,94,130,0,14,34,54,0,14,0,14,0,14,342,280,969,375,17,30,0,14,71,74,0,14,14,25,36,46,72,93,0,14,0,14,22,34,0,14,0,14,0,14,0,14,0,14,14,30,0,14,0,14,16,25,41,45,470,173,0,14,0,14
131210114382,814,228,740,202,0,14,0,14,0,14,0,14,0,14,12,20,62,82,814,228,0,14,0,14,0,14,17,29,0,14,0,14,25,39,0,14,0,14,48,50,63,57,0,14,8,15,12,19,0,14,24,34,20,33,7,12,0,14,0,14,462,126,0,14,0,14
131210114383,1220,574,147,106,228,279,0,14,46,74,0,14,25,39,250,259,524,373,1220,574,27,46,0,14,8,13,36,57,17,26,30,48,31,48,0,14,0,14,0,14,46,54,0,14,0,14,0,14,0,14,0,14,20,34,0,14,0,14,0,14,435,174,0,14,24,37
131210114384,2306,1498,153,124,412,279,0,14,0,14,0,14,0,14,1266,1463,475,362,2306,1498,150,100,0,14,116,106,0,14,101,135,0,14,0,14,76,81,51,55,0,14,0,14,0,14,0,14,0,14,50,53,19,32,0,14,0,14,0,14,0,14,808,517,0,14,0,14
131210114391,1919,347,1741,317,32,48,0,14,44,51,0,14,0,14,95,117,7,12,1919,347,80,91,79,64,149,119,121,111,96,81,26,40,54,56,29,44,108,95,33,28,32,28,19,23,11,19,2,4,20,23,30,28,24,19,21,26,0,14,8,13,678,125,0,14,0,14
131210114392,2052,553,1242,440,297,171,0,14,75,65,0,14,0,14,58,82,380,376,2052,553,28,39,26,39,97,161,0,14,33,38,26,42,56,86,36,81,2,7,33,34,143,151,42,31,17,20,13,22,36,46,8,13,110,91,78,74,28,28,37,46,885,204,0,14,104,134
131210114401,2202,263,1224,288,448,219,0,14,123,95,0,14,62,97,274,170,71,100,2202,263,20,27,126,83,80,55,15,24,9,14,44,40,35,48,152,138,39,29,59,40,41,27,101,50,42,39,8,13,46,34,43,33,75,48,53,34,31,25,9,14,892,89,7,10,0,14
131210114411,1161,305,871,317,82,71,0,14,0,14,0,14,0,14,47,68,161,144,1161,305,43,46,28,43,57,51,53,65,54,53,0,14,0,14,90,74,0,14,0,14,0,14,31,36,9,14,0,14,10,15,0,14,2,5,27,30,0,14,0,14,474,124,0,14,0,14
131210114412,1245,306,711,260,114,61,14,20,231,151,0,14,26,43,57,52,92,67,1245,306,55,44,48,43,68,56,18,30,6,13,26,35,67,60,0,14,32,28,0,14,24,23,0,14,10,16,9,16,0,14,20,17,16,19,42,40,9,14,0,14,454,90,0,14,0,14
131210114413,1495,720,1089,578,25,41,0,14,0,14,0,14,0,14,107,142,274,211,1495,720,39,43,49,53,44,66,12,20,94,94,11,19,61,54,117,168,19,33,0,14,202,218,18,19,0,14,0,14,0,14,22,25,88,103,19,22,0,14,0,14,529,166,0,14,0,14
131210114421,657,259,340,136,175,200,0,14,20,31,0,14,9,15,75,72,38,57,657,259,24,30,57,61,23,31,0,14,0,14,0,14,0,14,18,27,10,17,28,28,14,22,8,13,0,14,22,38,0,14,5,11,0,14,8,13,8,12,113,84,357,108,0,14,123,84
131210114422,1063,168,610,157,149,89,0,14,135,112,0,14,0,14,39,32,130,98,1063,168,37,36,55,38,55,35,15,26,9,16,0,14,23,21,0,14,39,37,32,38,9,15,0,14,8,14,0,14,9,15,0,14,23,26,10,16,0,14,21,25,459,67,12,22,0,14
131210114431,1289,412,721,256,140,151,0,14,262,297,0,14,27,44,51,82,88,135,1289,412,8,13,40,40,63,74,22,25,24,37,55,52,42,39,51,73,0,14,10,17,23,25,10,17,30,34,0,14,0,14,11,18,44,37,0,14,5,16,5,17,417,119,0,14,0,14
131210114432,1819,416,774,315,48,60,0,14,683,237,0,14,0,14,249,257,65,60,1819,416,62,55,132,65,56,70,101,82,41,39,82,67,81,50,39,47,22,25,46,55,7,14,11,17,11,16,9,14,19,29,0,14,20,24,0,14,53,54,0,14,588,123,0,14,9,15
131210114441,1670,399,839,208,11,29,0,14,645,299,0,14,66,82,75,72,34,41,1670,399,35,39,103,47,65,67,0,14,40,36,52,42,45,37,30,30,18,22,0,14,35,31,30,24,27,31,0,14,11,20,13,20,42,31,58,41,14,22,0,14,563,114,33,41,0,14
131210114442,2208,703,1514,787,404,409,0,14,78,63,4,10,11,19,136,92,61,54,2208,703,32,37,26,22,32,32,25,28,3,7,49,37,76,57,91,82,13,19,13,20,69,45,17,20,0,14,33,39,10,17,16,20,118,57,33,30,2,9,21,32,1041,673,0,14,0,14
131210114451,1041,249,843,254,132,78,0,14,0,14,0,14,0,14,22,44,44,55,1041,249,0,14,13,20,38,37,0,14,0,14,0,14,26,33,31,37,58,76,6,12,51,49,54,57,19,21,0,14,13,24,48,35,105,73,28,35,53,55,46,49,364,112,0,14,0,14
131210114452,1767,409,1349,379,229,177,0,14,65,99,0,14,0,14,32,43,92,95,1767,409,72,32,53,45,40,33,40,33,23,25,59,59,40,29,44,37,0,14,50,44,52,43,21,21,14,17,10,14,49,28,49,51,28,31,14,18,8,14,10,17,658,151,0,14,7,12
131210114462,542,231,449,193,0,14,0,14,82,108,0,14,0,14,11,20,0,14,542,231,0,14,41,42,0,14,0,14,0,14,17,26,24,34,0,14,12,19,28,33,43,44,10,15,10,15,10,16,0,14,16,25,10,16,13,20,0,14,23,25,230,80,0,14,0,14
131210114463,1365,297,1247,298,65,109,0,14,41,60,0,14,0,14,0,14,12,24,1365,297,27,41,113,64,37,29,44,40,23,36,90,64,20,24,31,35,0,14,70,62,33,41,21,22,52,40,0,14,23,33,15,19,36,44,30,28,11,18,0,14,496,102,4,7,0,14
131350503061,859,344,260,134,0,14,0,14,31,53,0,14,0,14,6,14,562,327,859,344,11,16,38,62,174,128,0,14,33,53,77,66,0,14,2,8,0,14,0,14,0,14,9,14,0,14,19,31,7,12,0,14,40,38,0,14,0,14,27,43,321,128,10,16,21,37
131350503062,1395,851,362,349,116,98,0,14,364,310,0,14,0,14,171,197,382,378,1395,851,95,93,60,77,29,39,0,14,144,183,0,14,0,14,0,14,0,14,0,14,0,14,10,15,0,14,0,14,0,14,0,14,0,14,10,15,0,14,0,14,483,349,0,14,0,14
131350503063,1827,523,75,72,0,14,0,14,211,157,0,14,0,14,62,115,1479,525,1827,523,48,61,65,50,45,51,83,77,29,48,114,93,64,71,9,14,0,14,93,87,46,55,22,25,0,14,0,14,0,14,68,58,46,48,0,14,0,14,0,14,526,127,0,14,32,58
131350503151,1569,608,452,157,455,309,0,14,118,184,0,14,17,60,30,46,497,466,1569,608,23,43,24,47,131,169,44,43,15,19,29,43,17,29,0,14,10,16,0,14,5,17,43,53,15,17,0,14,26,29,0,14,46,56,53,59,26,34,0,14,775,266,0,14,34,57
131350503152,616,193,566,199,0,14,0,14,50,80,0,14,0,14,0,14,0,14,616,193,0,14,0,14,0,14,5,10,6,10,18,28,0,14,0,14,13,19,11,17,19,30,0,14,24,29,0,14,32,34,0,14,27,40,20,33,24,29,9,15,288,89,0,14,0,14
131350503153,1748,734,318,281,744,514,0,14,0,14,0,14,0,14,0,14,686,443,1748,734,0,14,65,101,0,14,0,14,0,14,69,74,0,14,0,14,27,45,0,14,0,14,0,14,0,14,0,14,0,14,0,14,0,14,25,41,0,14,0,14,939,469,0,14,16,28
131350503154,2080,704,200,122,1332,520,0,14,0,14,0,14,0,14,23,36,525,466,2080,704,51,69,52,57,16,27,17,28,136,182,123,130,35,41,19,32,0,14,93,97,0,14,0,14,0,14,0,14,0,14,0,14,0,14,0,14,0,14,0,14,750,256,0,14,47,74
131350503171,353,208,0,14,228,160,0,14,0,14,0,14,0,14,68,75,57,85,353,208,9,23,0,14,0,14,0,14,8,13,0,14,0,14,0,14,0,14,0,14,0,14,0,14,0,14,0,14,0,14,24,45,0,14,0,14,0,14,0,14,241,134,0,14,0,14
131350503172,1743,699,241,179,541,287,60,77,0,14,0,14,0,14,0,14,901,606,1743,699,53,85,21,29,98,110,0,14,0,14,52,50,172,116,20,32,32,51,0,14,0,14,0,14,0,14,0,14,0,14,75,85,41,65,0,14,0,14,0,14,738,209,0,14,138,89
131350503173,1470,360,224,118,625,285,0,14,43,68,0,14,13,21,78,64,487,303,1470,360,19,31,38,52,37,47,0,14,108,105,30,33,0,14,27,30,0,14,0,14,13,25,0,14,0,14,0,14,18,28,15,19,13,22,15,19,0,14,0,14,863,232,0,14,35,36
131350503181,1824,545,265,126,1089,471,0,14,124,167,0,14,0,14,0,14,346,221,1824,545,69,80,60,70,134,132,9,19,64,78,13,24,12,19,19,31,0,14,12,19,11,17,0,14,0,14,0,14,0,14,13,20,31,49,0,14,0,14,0,14,955,260,0,14,0,14
131350503182,1105,450,242,258,316,224,0,14,0,14,0,14,0,14,0,14,547,327,1105,450,0,14,120,116,0,14,0,14,0,14,115,109,119,92,47,67,0,14,0,14,12,19,0,14,0,14,0,14,34,54,10,15,9,15,0,14,0,14,0,14,429,152,0,14,51,61
131350503211,1762,346,1367,224,206,227,0,14,109,111,1,12,34,43,7,14,38,37,1762,346,20,25,64,43,101,83,39,34,50,43,25,25,58,44,15,23,43,34,11,17,25,21,38,44,57,39,6,11,0,14,33,31,26,20,79,57,49,36,26,25,664,106,0,14,23,18
131350503212,2088,1183,1905,1186,0,14,0,14,135,101,0,14,18,29,20,33,10,16,2088,1183,15,24,205,205,153,191,15,18,36,54,60,37,31,40,17,27,0,14,30,29,136,163,0,14,23,35,9,13,18,17,40,35,117,165,8,14,9,15,8,14,608,266,0,14,0,14
131350503213,1511,324,1134,276,81,73,0,14,96,85,0,14,58,91,89,74,53,56,1511,324,28,35,96,73,26,23,13,16,132,109,57,39,14,16,0,14,14,17,31,28,9,15,13,14,63,95,0,14,8,13,31,30,9,15,9,14,53,81,0,14,567,131,0,14,0,14
131350503221,1538,590,1421,581,18,27,0,14,45,72,0,14,0,14,23,32,31,43,1538,590,59,42,126,126,88,103,11,16,68,72,159,120,60,80,0,14,47,42,17,18,14,18,71,50,0,14,0,14,28,40,27,25,23,25,40,43,0,14,0,14,444,109,0,14,0,14
131350503222,722,284,666,290,12,19,0,14,9,14,0,14,0,14,11,17,24,29,722,284,49,73,0,14,35,46,0,14,0,14,46,68,10,17,12,19,0,14,8,13,9,14,31,26,9,16,14,18,12,19,10,17,17,14,33,26,17,20,5,10,263,72,0,14,0,14
131350503223,1126,366,931,345,0,14,0,14,43,45,0,14,0,14,99,95,53,48,1126,366,14,23,62,49,85,68,11,17,18,27,30,24,58,54,58,54,17,18,37,31,19,21,0,14,0,14,0,14,21,25,10,15,27,25,0,14,9,13,0,14,347,94,0,14,0,14
131350503311,1546,235,134,113,315,235,0,14,176,149,0,14,35,42,19,30,867,294,1546,235,51,66,0,14,12,21,15,25,42,51,41,31,0,14,0,14,21,36,82,67,0,14,0,14,0,14,0,14,54,50,0,14,0,14,12,21,6,24,3,6,747,118,0,14,35,39
131350503312,601,417,173,169,23,66,0,14,0,14,0,14,0,14,0,14,405,342,601,417,0,14,0,14,30,33,38,62,42,59,27,46,58,69,32,35,0,14,0,14,0,14,0,14,27,40,0,14,0,14,11,20,0,14,0,14,0,14,0,14,183,111,0,14,0,14
131350503321,1805,435,323,194,107,110,0,14,183,200,0,14,0,14,1,2,1191,431,1805,435,127,199,0,14,96,63,25,38,22,39,34,47,58,37,34,47,0,14,0,14,8,13,0,14,6,9,0,14,9,14,0,14,0,14,8,12,0,14,0,14,645,137,12,21,45,71
131350503322,1308,446,175,89,425,269,0,14,322,278,0,14,17,25,18,28,351,307,1308,446,0,14,0,14,0,14,0,14,77,90,14,40,15,40,0,14,5,13,11,18,25,21,17,23,0,14,0,14,0,14,13,17,0,14,5,18,0,14,0,14,750,245,5,13,0,14
131350503351,1953,408,740,231,692,338,0,14,223,203,0,14,0,14,75,83,223,207,1953,408,9,15,7,12,52,65,0,14,0,14,18,22,13,24,0,14,0,14,45,66,51,45,10,16,54,52,9,13,41,62,27,34,84,47,19,21,50,35,0,14,1130,232,0,14,111,104
131350503352,672,268,621,264,51,59,0,14,0,14,0,14,0,14,0,14,0,14,672,268,8,15,0,14,0,14,0,14,96,111,0,14,0,14,0,14,11,16,27,29,12,20,31,31,9,14,8,13,27,41,44,46,65,50,24,19,0,14,0,14,279,91,0,14,0,14
131350503362,2436,414,1110,314,645,128,0,14,325,119,0,14,0,14,36,35,320,301,2436,414,8,12,15,23,52,79,15,27,58,89,18,28,104,71,90,61,35,39,12,19,27,30,61,45,10,15,8,13,13,22,89,68,87,55,48,35,0,14,8,15,1076,166,18,21,0,14
131350504562,1836,776,0,14,368,355,0,14,91,137,0,14,0,14,0,14,1377,689,1836,776,23,41,22,40,219,238,0,14,0,14,234,258,54,68,32,52,0,14,0,14,0,14,0,14,0,14,0,14,0,14,0,14,0,14,0,14,0,14,0,14,834,410,0,14,59,69
