GEOID,B19013_001E,B19013_001M,B25077_001E,B25077_001M,B25064_001E,B25064_001M,B25003_001E,B25003_001M,B25003_003E,B25003_003M,B08301_001E,B08301_001M,B08301_003E,B08301_003M,B08301_004E,B08301_004M,B08301_010E,B08301_010M,B08301_016E,B08301_016M,B08301_017E,B08301_017M,B08301_018E,B08301_018M,B08301_019E,B08301_019M,B08301_020E,B08301_020M,B08301_021E,B08301_021M
13067030319,136343,20033,545200,129098,2355,218,1739,133,183,92,2121,212,1184,201,107,81,10,16,0,14,0,14,0,14,0,14,0,14,820,211
13067030327,142258,27649,470300,26023,2227,51,1866,324,368,300,2300,233,1454,256,131,67,0,20,0,20,0,20,0,20,0,20,11,18,704,148
13067030331,157868,63905,624700,43016,1798,1306,2019,228,59,51,2405,410,1515,346,64,60,0,20,0,20,0,20,0,20,28,27,7,12,791,267
13067030332,169028,20692,588800,41786,3104,2401,1072,131,43,40,1560,266,862,144,53,49,0,14,0,14,0,14,0,14,0,14,0,14,645,187
13067030334,177580,31246,621000,36593,2739,131,1167,74,115,66,1433,203,858,183,163,69,0,14,0,14,0,14,0,14,15,19,10,16,387,106
13067030335,178906,31569,602200,24208,2759,348,1678,140,63,54,2335,295,1530,294,97,53,0,14,0,14,0,14,0,14,6,10,20,23,682,161
13067030337,193681,36400,670600,54878,3238,447,1803,264,73,62,2285,311,1126,233,59,44,0,20,0,20,0,20,0,20,11,16,9,13,1080,274
13067030343,217083,38992,639600,21175,-666666666,-222222222,1828,349,23,25,2505,715,1722,709,61,41,0,20,0,20,0,20,0,20,0,20,9,14,713,136
13067030344,69419,24773,204200,25688,1739,139,1942,267,1683,277,2687,598,1768,429,271,231,0,14,80,129,0,14,0,14,25,39,32,53,511,189
13067030345,101000,16189,497400,122463,2006,108,4658,374,3954,380,5943,744,3269,579,141,127,19,32,0,20,88,134,0,20,117,100,328,249,1981,605
13067030350,124764,13870,427800,22254,2114,334,819,58,187,83,1209,114,883,111,111,61,4,7,0,14,0,14,0,14,9,11,13,22,189,69
13067030351,216683,56002,682000,82990,-666666666,-222222222,1085,229,45,44,1338,308,662,198,8,14,0,14,0,14,0,14,0,14,0,14,0,14,668,282
13067030352,179205,96938,948600,99241,3501,-333333333,2049,384,245,279,1982,281,1256,278,0,20,0,20,0,20,0,20,0,20,5,9,20,34,701,212
13067030353,95809,21879,387100,143779,1959,200,1823,188,806,183,2059,310,1177,263,78,70,0,14,0,14,0,14,0,14,52,68,43,44,709,254
13067030354,145509,41201,639500,74922,1786,71,1834,172,387,130,2503,327,1508,297,140,113,12,19,0,14,8,13,0,14,0,14,0,14,835,231
13067030355,97831,33282,-666666666,-222222222,1869,97,1107,211,1099,213,1257,253,933,239,40,46,0,14,0,14,0,14,0,14,0,14,0,14,284,129
13067030356,110170,19788,421400,48136,1815,70,2585,261,2087,304,3829,641,2296,663,74,83,86,112,53,62,0,14,0,14,0,14,52,62,1268,309
13067030357,165114,11939,460400,30342,2267,568,809,101,52,29,1187,136,746,125,55,37,0,14,11,17,0,14,0,14,13,20,34,35,328,95
13067030358,134917,33393,522100,72112,2206,117,1233,275,40,41,1788,314,1094,330,61,52,0,14,0,14,0,14,0,14,22,29,17,21,594,173
13067030359,181577,31977,588700,54972,3037,718,1491,132,114,60,2261,326,1243,227,49,45,0,14,18,25,0,14,1,3,0,14,141,184,809,171
13067030360,220833,36924,607900,29749,-666666666,-222222222,802,144,26,29,1172,214,570,174,42,33,0,14,0,14,0,14,4,7,21,26,0,14,535,174
13067030365,178733,29654,624700,67027,2733,2478,1138,188,102,83,1347,289,792,212,2,2,12,19,0,14,0,14,0,14,0,14,16,27,525,154
13067030366,162048,61863,597300,26414,-666666666,-222222222,1085,241,48,43,1396,451,823,260,66,62,32,34,0,14,0,14,5,10,0,14,0,14,470,253
13067030369,213279,4738,708100,49657,-666666666,-222222222,1166,281,8,21,1647,483,961,455,39,41,0,14,0,14,0,14,0,14,21,29,11,19,615,141
13067030370,240341,69035,710600,50708,-666666666,-222222222,1503,348,34,29,1933,683,1055,323,120,64,6,9,0,14,0,14,0,14,0,14,15,24,737,426
13067030405,73477,15119,277200,38743,1717,117,2903,329,1501,275,3846,595,2433,371,160,136,41,59,143,176,0,20,0,20,105,168,82,93,882,265
13067030407,124964,25594,397600,34724,2101,176,2301,345,620,232,2953,509,1802,401,168,135,0,20,0,20,0,20,0,20,0,20,230,242,753,216
13067030408,138478,15925,468600,20289,1664,135,1252,104,542,126,1771,246,1098,237,125,84,0,14,0,14,0,14,0,14,56,80,13,22,479,158
13067030409,145518,13996,554600,39334,-666666666,-222222222,1253,146,42,52,1753,274,1107,289,90,78,0,14,0,14,0,14,0,14,1,6,28,45,527,187
13067030413,66360,16276,213400,20467,1645,70,2640,214,2193,245,3867,409,2702,439,431,244,0,20,139,185,0,20,0,20,0,20,44,55,551,212
13067031207,96490,12618,521200,107153,1913,102,3861,493,3020,473,4664,673,2363,624,555,438,0,20,0,20,0,20,0,20,249,188,0,20,1497,445
13067031212,234087,49231,1074400,179048,-666666666,-222222222,1079,174,122,126,1230,343,687,164,0,14,0,14,0,14,0,14,0,14,0,14,12,18,531,313
13067031217,90217,26345,433100,70761,1772,138,2066,270,1303,274,2986,383,1929,457,45,39,21,34,17,28,0,14,0,14,33,43,23,37,918,381
13067031218,91364,32192,522500,260481,1714,80,1260,185,747,176,1378,338,912,301,67,69,0,14,0,14,0,14,0,14,22,38,11,18,366,160
13089021101,250001,-333333333,963400,43729,3501,-333333333,1389,222,81,39,2468,664,1443,457,51,44,1,2,0,14,0,14,0,14,16,19,0,14,957,313
13089021103,103491,25222,791000,127828,1933,118,2017,258,1175,200,2617,581,1711,522,18,30,0,14,0,14,0,14,29,40,75,64,0,14,784,308
13089021104,94792,32175,381300,151090,1903,420,1069,188,488,147,1012,238,461,145,96,125,62,51,0,14,0,14,0,14,67,68,0,14,326,130
13089021204,44524,12670,-666666666,-222222222,1674,78,828,162,765,157,1341,370,360,259,610,224,283,177,0,14,0,14,0,14,87,86,0,14,1,3
13089021208,90781,11396,386300,34453,2111,192,2640,357,1193,253,3507,501,1951,450,250,79,228,139,0,20,0,20,0,20,57,79,0,20,1021,253
13089021210,220679,32993,660100,45155,3501,-333333333,1887,227,87,78,2648,305,1385,236,172,161,69,55,0,20,0,20,0,20,15,25,44,56,963,270
13089021211,178690,18174,570200,21901,1972,1397,1832,134,57,48,2102,242,1185,219,145,131,39,35,0,14,0,14,0,14,11,18,0,14,722,197
13089021213,245724,13801,803100,33897,-666666666,-222222222,1182,123,13,19,1534,209,866,183,45,38,0,14,0,14,0,14,10,16,11,18,33,30,569,144
13089021217,140179,23537,540600,57694,1733,106,957,136,325,98,1374,263,840,214,54,39,24,33,6,11,0,14,0,14,0,14,14,20,436,154
13089021219,182917,36983,648400,47938,2424,1136,1814,166,369,134,2346,398,1626,409,47,44,51,60,0,14,0,14,0,14,8,14,8,13,606,173
13089021220,111981,28701,584300,53430,1847,232,1557,193,529,126,1934,344,911,203,2,6,89,125,0,14,0,14,0,14,0,14,41,60,891,339
13089021221,125060,16518,572700,78240,1800,102,1349,232,587,236,1927,330,1341,299,53,51,32,31,0,14,0,14,0,14,0,14,16,26,485,150
13089021222,94522,28247,689400,63059,2084,185,2604,434,1797,450,2640,510,1741,479,50,58,39,64,0,14,0,14,0,14,18,26,0,14,792,274
13089021223,116458,33134,641400,46055,1982,178,613,82,303,83,678,115,398,114,31,29,0,14,0,14,0,14,0,14,0,14,0,14,249,82
13089021224,63651,23341,367400,61120,1790,37,2635,523,1681,551,2788,463,1873,441,0,14,42,62,0,14,17,28,0,14,0,14,68,66,788,255
13089021225,79982,14135,242200,43066,1807,142,1435,287,894,283,1645,356,946,254,50,75,0,14,0,14,0,14,0,14,0,14,11,18,638,227
13089021226,98822,21991,577100,86363,1951,147,1949,300,1772,313,2655,530,1326,354,313,310,56,63,0,14,0,14,0,14,0,14,0,14,960,347
13089021227,179479,61001,626100,36049,2082,260,2228,311,1086,303,3251,472,1627,350,0,20,0,20,0,20,0,20,0,20,49,79,58,66,1517,413
13089021228,241250,59253,717000,64724,-666666666,-222222222,1052,131,36,42,1681,301,869,214,157,178,38,33,13,19,0,14,0,14,0,14,0,14,604,213
13089021229,185417,46196,663800,17400,3501,-333333333,1184,217,65,59,1528,286,968,189,53,39,77,110,0,14,0,14,0,14,5,7,0,14,425,147
13089021230,120714,8579,563500,102491,1874,83,1940,288,1227,256,2336,360,1205,263,89,110,88,91,0,14,0,14,0,14,59,87,0,14,895,294
13089021301,68601,20882,425000,84624,1766,50,1735,233,1397,240,2078,350,1204,235,297,169,48,77,17,27,0,14,0,14,48,55,0,14,464,202
13089021305,77574,36723,483500,43325,1701,112,1702,241,1116,255,2945,569,1478,364,823,340,44,35,61,73,0,20,0,20,163,188,11,18,365,137
13089021306,70320,12040,350900,14148,1854,174,2608,398,1545,336,3461,497,1850,492,598,294,90,99,0,20,0,20,0,20,0,20,27,43,896,435
13089021307,79871,15562,372800,40973,2094,144,1164,197,487,153,1756,394,880,199,449,249,47,51,0,14,0,14,3,10,0,14,0,14,377,174
13089021308,61855,23369,358800,17291,1813,69,1502,196,615,181,2325,447,1165,201,532,375,127,94,22,34,0,14,0,14,99,75,31,42,349,138
13089021309,36097,1433,209600,146146,1738,68,474,114,399,127,685,190,301,83,233,143,58,76,12,20,0,14,0,14,9,16,14,22,58,43
13089021310,39838,9920,244300,23019,1590,771,1636,310,772,214,2278,636,1360,384,559,331,193,133,58,55,0,20,0,20,61,41,7,15,40,33
13089021405,154813,29194,850300,95376,1795,148,2447,218,665,182,3071,335,1519,298,250,149,120,89,27,45,0,20,0,20,26,41,94,135,1035,293
13089021409,66641,44362,465400,66968,1861,454,1161,345,1056,353,1687,708,1250,680,252,205,7,23,0,14,0,14,0,14,24,35,64,69,90,65
13089021410,79968,43393,364200,42013,1777,85,1949,254,1141,220,3165,626,1747,439,663,480,229,141,47,92,0,14,7,12,19,33,0,14,453,153
13089021411,128472,41225,1063100,103923,2056,143,1983,277,1074,156,2819,593,1769,629,40,42,67,58,0,14,0,14,0,14,46,56,9,16,888,206
13089021412,211495,40270,626800,52956,2632,204,1515,222,247,105,2398,320,1575,252,136,159,40,35,9,16,0,14,0,14,22,24,19,21,597,152
13089021608,66413,16769,617400,52850,1714,84,1578,281,1146,293,2411,625,1531,442,114,86,0,14,0,14,0,14,0,14,0,14,7,11,759,339
13089021709,95550,27366,525900,65069,1833,147,1591,247,677,239,1828,371,1270,351,94,109,12,19,0,14,0,14,0,14,5,9,0,14,447,143
13089021710,194844,30656,587300,33037,-666666666,-222222222,937,145,44,51,1247,216,813,176,40,39,0,14,0,14,0,14,0,14,0,14,31,29,363,102
13089021711,130089,37577,408800,101904,1720,897,893,117,274,104,1377,406,613,202,353,342,40,61,24,38,0,14,0,14,50,89,0,14,297,171
13089021712,62360,10898,357500,104985,1777,173,1350,233,1188,245,1733,381,1089,283,154,172,79,115,0,14,0,14,0,14,45,46,0,14,366,190
13089021808,128000,27898,427600,27991,2068,384,1506,128,363,97,2158,336,1273,265,221,123,70,67,0,14,0,14,0,14,11,17,7,11,576,193
13089021812,75000,18241,375600,44459,1455,247,996,176,293,141,1525,397,955,264,284,178,27,35,0,14,0,14,0,14,6,10,0,14,253,93
13089021813,59943,14694,-666666666,-222222222,1607,105,973,135,947,136,1097,225,792,210,97,66,0,14,0,14,0,14,0,14,15,25,39,52,154,112
13089021815,50274,3227,263100,37890,1736,143,1973,429,1738,437,2276,753,1218,377,408,244,362,302,118,173,0,14,0,14,15,26,3,8,152,112
13089021816,-666666666,-222222222,346900,25570,1436,84,1236,405,388,125,1615,604,1131,587,120,102,226,106,0,14,0,14,0,14,4,8,12,18,122,75
13089021819,123514,26126,413500,38535,1928,579,1378,218,305,148,1697,322,1045,266,37,31,76,106,0,14,0,14,0,14,1,4,11,18,527,151
13089021820,56833,14110,366200,157133,1786,88,1238,194,781,147,1277,255,937,235,40,30,0,14,0,14,0,14,0,14,22,24,14,22,264,135
13089021821,161205,30860,469200,20536,2189,217,1263,226,214,223,1481,303,886,168,24,40,0,14,0,14,0,14,0,14,9,14,0,14,562,283
13121009700,250001,-333333333,1231100,322044,2188,2120,1650,210,112,59,2055,252,1572,261,34,35,0,14,0,14,0,14,0,14,44,44,8,13,397,124
13121009802,212955,57029,1233700,185821,2339,492,1706,182,475,102,2106,291,1573,263,15,23,0,14,0,14,0,14,0,14,0,14,0,14,518,175
13121009900,124677,30808,1147200,166536,1841,146,2160,244,517,142,2400,395,1324,281,202,196,0,20,0,20,0,20,0,20,46,55,0,20,828,244
13121010003,149266,11707,455500,42723,1948,172,2364,324,815,245,3150,566,1979,566,0,14,0,14,0,14,0,14,0,14,266,218,0,14,905,288
13121010004,216429,94425,873400,46881,-666666666,-222222222,848,261,8,12,1550,870,1075,695,12,14,0,14,100,145,0,14,0,14,0,14,32,49,331,134
13121010005,250001,-333333333,1257400,179832,-666666666,-222222222,1154,105,47,73,1616,224,991,178,0,14,9,14,0,14,0,14,0,14,0,14,25,29,591,216
13121010007,201771,90843,878300,100475,2414,1764,783,161,121,52,846,308,439,113,29,36,0,14,0,14,0,14,0,14,8,14,0,14,370,271
13121010106,101688,10905,699100,237883,2036,164,1677,239,579,132,2015,363,1406,277,54,81,68,88,0,14,0,14,0,14,0,14,39,40,448,180
13121010107,250001,-333333333,917400,45147,-666666666,-222222222,718,79,13,14,917,131,532,104,36,24,4,7,0,14,0,14,0,14,0,14,15,13,330,99
13121010108,164531,85752,775700,87963,2772,1227,1797,268,443,203,2182,401,1164,264,6,9,38,50,0,14,0,14,0,14,17,19,24,37,933,353
13121010115,204978,50903,944700,62474,2300,264,1173,137,526,137,1512,197,878,176,0,14,27,31,12,19,0,14,0,14,22,26,72,88,501,110
13121010117,85436,27760,-666666666,-222222222,1737,46,2162,384,1669,273,2769,493,1797,505,55,88,86,92,42,69,10,19,0,14,15,25,41,80,723,179
13121010120,90859,17845,213300,59626,1862,95,1495,348,691,157,2218,533,1540,418,84,134,26,31,0,14,0,14,0,14,46,59,7,18,515,279
13121010121,122880,30195,513300,174197,2072,397,1541,199,507,128,1427,245,737,225,16,25,78,57,0,14,0,14,0,14,0,14,11,17,585,171
13121010124,97701,43971,350200,6905,1967,150,1033,481,598,134,1468,519,677,194,149,80,13,29,20,29,0,14,0,14,0,14,53,54,556,469
13121010125,89017,14464,236600,33131,1690,83,1581,258,929,136,2058,364,1063,325,185,120,287,312,19,31,0,14,0,14,63,101,27,86,414,212
13121010126,90179,22590,189700,29221,1927,142,1171,276,503,130,1318,217,683,185,69,66,19,28,0,14,0,14,0,14,60,72,14,22,473,146
13121010127,153581,27820,584400,41658,2308,90,1124,181,355,121,1655,450,898,252,83,78,0,14,0,14,0,14,0,14,36,48,4,9,634,294
13121010128,76479,19120,-666666666,-222222222,1976,229,731,216,731,216,1268,342,568,212,91,107,47,55,15,27,0,14,0,14,0,14,0,14,547,409
13121010129,93463,12177,847500,294461,1860,73,2481,401,1715,283,2780,489,1824,360,32,47,0,14,0,14,0,14,0,14,49,80,0,14,875,392
13121010130,94495,17131,351300,79843,2020,230,2013,352,1331,363,2602,504,1265,362,0,14,25,34,55,80,0,14,0,14,0,14,0,14,1257,399
13121010131,97455,46731,574700,50804,2019,246,1251,388,810,394,1337,347,499,170,19,29,76,65,0,14,0,14,0,14,19,30,101,105,623,316
13121010132,112705,25546,405800,113260,2029,233,1912,357,1252,346,2190,544,1440,472,103,82,122,152,5,9,0,14,0,14,34,37,38,46,448,218
13121010133,91156,23528,460100,76800,2227,176,3373,355,2663,355,3369,511,2311,516,0,20,33,51,0,20,0,20,108,122,0,20,0,20,917,267
13121010134,79607,12436,169800,16356,1671,191,1258,239,934,179,1386,309,641,159,180,174,161,151,20,32,0,14,0,14,0,14,0,14,384,225
13121010135,50739,22914,445000,255908,1518,322,947,190,712,185,1145,221,793,244,70,85,87,147,0,14,0,14,0,14,16,27,0,14,179,123
13121010136,138438,63937,983000,196492,2281,88,1559,382,808,395,2344,603,1424,572,128,75,50,57,0,14,0,14,0,14,38,43,0,14,704,202
13121010137,81818,31380,702600,146293,1584,195,1694,331,860,319,2199,419,1384,373,35,42,114,94,21,36,0,14,0,14,0,14,27,31,618,242
13121010204,182708,45778,792000,89991,3501,-333333333,1870,230,79,65,2046,235,1018,193,24,28,27,43,0,14,0,14,0,14,0,14,62,60,915,217
13121010211,241250,37677,1532800,459095,2311,245,1403,234,516,153,1998,456,1547,438,9,14,0,14,9,14,0,14,0,14,19,27,0,14,414,172
13121010212,96550,62639,631000,85314,1588,204,2461,463,1248,371,3048,811,1787,513,256,204,14,25,157,183,0,20,0,20,74,115,0,20,760,377
13121010213,63500,35360,199400,79483,1533,205,532,75,385,74,521,142,285,82,0,14,11,13,0,14,0,14,0,14,0,14,10,18,215,148
13121010214,58116,50282,868200,59857,1423,101,1535,622,952,230,1013,356,453,203,71,89,85,89,0,14,0,14,0,14,0,14,0,14,404,259
13121010215,138365,36584,662500,55427,2132,282,877,206,285,108,1076,185,741,187,36,34,39,60,0,14,0,14,0,14,0,14,0,14,260,80
13121010216,112411,30520,392900,178109,2141,482,1357,249,538,243,1849,292,858,195,153,123,42,46,0,14,0,14,0,14,11,16,156,117,629,190
13121010217,112604,29670,540200,86858,1423,110,1203,175,371,166,1627,279,951,289,42,36,18,26,0,14,0,14,0,14,0,14,0,14,616,225
13121010218,84327,49108,235000,134743,1460,116,963,169,416,195,1269,201,850,192,53,77,17,31,0,14,0,14,0,14,0,14,0,14,349,208
13121010219,79861,42758,469600,83556,1722,88,1222,291,1190,287,1676,398,654,227,58,71,177,130,15,25,0,14,0,14,0,14,4,17,768,357
13121010220,125795,24088,717400,96560,1889,289,2166,256,762,239,2243,407,1205,382,124,159,23,36,0,14,0,14,0,14,69,68,0,14,822,271
13121010221,119464,33502,446000,128619,1966,293,1112,204,294,141,1178,178,990,188,20,32,0,14,0,14,0,14,0,14,0,14,0,14,168,101
13121010222,245938,62588,1433600,477302,-666666666,-222222222,963,184,8,12,1480,520,1060,506,6,9,7,12,0,14,0,14,0,14,0,14,0,14,407,131
13121010223,230212,40790,847100,146970,1729,303,1321,143,69,54,1575,373,878,208,0,14,0,14,0,14,0,14,0,14,12,18,15,23,670,256
13121011421,87631,22539,356700,14358,1838,93,1985,335,1256,240,2883,565,1759,466,304,189,0,20,55,60,0,20,0,20,53,60,23,37,689,301
13121011422,121098,1451,550900,48582,1802,58,1526,228,465,225,2041,378,983,172,215,114,68,77,0,14,0,14,0,14,0,14,38,61,737,259
13121011423,157500,57598,586000,45574,2178,164,2288,386,422,243,3347,628,1833,267,139,85,13,20,0,20,0,20,0,20,0,20,139,228,1223,604
13121011424,113495,54107,579900,57309,2119,220,2301,313,199,130,2524,399,1633,357,31,40,42,62,0,20,0,20,53,63,28,37,8,13,729,214
13121011428,175163,50474,650800,43140,3501,-333333333,874,134,50,46,1097,219,568,142,56,60,0,14,9,15,0,14,0,14,14,22,0,14,450,162
13121011429,147222,14522,454200,22811,2355,192,1980,225,391,204,2874,308,1733,260,160,75,9,14,0,20,0,20,0,20,23,38,37,33,912,271
13121011430,60068,6802,191400,14901,1701,55,1536,163,1335,177,2121,336,1403,330,315,206,0,14,51,59,0,14,0,14,23,35,74,119,255,167
13121011431,119035,33788,363400,46902,1964,338,636,244,130,106,1666,774,807,367,692,484,0,14,0,14,0,14,0,14,88,92,50,74,29,27
13121011432,79844,14825,428900,65697,1818,63,1830,170,1322,204,2918,501,1757,464,207,163,0,14,0,14,0,14,0,14,0,14,23,40,931,349
13121011433,179345,78608,613900,37811,-666666666,-222222222,1131,217,55,56,1427,295,755,233,39,41,9,14,0,14,0,14,0,14,20,27,0,14,604,214
13121011434,93750,32928,408900,35353,1710,84,1386,339,368,170,2143,536,1413,519,187,115,0,14,0,14,0,14,13,23,0,14,86,86,444,124
13121011435,135000,27581,448200,21001,1700,160,1616,196,622,196,2136,344,1130,255,296,202,12,18,124,163,0,14,0,14,0,14,0,14,574,196
13121011436,163352,22351,594300,46054,-666666666,-222222222,1091,106,12,17,1582,276,912,259,24,25,28,30,0,14,0,14,0,14,56,54,0,14,562,132
13121011437,105188,31108,437000,45308,2099,433,1319,263,729,234,1282,215,615,189,27,41,90,85,23,38,0,14,0,14,34,41,17,20,476,173
13121011438,137814,49023,591400,70969,1767,75,2175,468,1217,488,3475,1386,2139,939,450,503,0,20,54,74,28,45,0,20,38,65,110,143,656,222
13121011439,137928,16656,654200,45254,1777,96,1563,197,361,149,2025,313,894,196,136,133,0,14,0,14,0,14,2,4,31,55,0,14,962,280
13121011440,150250,15040,720000,75273,1773,48,892,89,126,57,1008,189,581,170,57,44,0,14,0,14,0,14,0,14,9,15,0,14,361,123
13121011441,131250,19192,492400,41463,1845,143,1457,162,420,138,2115,314,1340,263,88,52,0,14,10,16,0,14,0,14,37,53,0,14,640,229
13121011442,146429,64823,668200,77269,2038,246,816,112,357,108,925,150,578,131,70,69,0,14,0,14,0,14,0,14,0,14,14,23,263,97
13121011443,193125,42662,945700,63489,2272,219,1005,127,195,72,1537,316,761,163,87,68,0,14,32,46,0,14,0,14,14,22,0,14,643,237
13121011444,184186,26896,928000,95516,-666666666,-222222222,1604,651,0,14,2166,613,690,162,0,14,0,14,0,14,0,14,0,14,15,24,13,20,1448,606
13121011445,108523,37299,707400,86474,1239,887,1022,185,72,64,1222,233,590,159,93,111,66,74,0,14,0,14,0,14,40,40,27,46,406,123
13121011446,196200,22351,579000,53575,-666666666,-222222222,1018,84,0,14,1473,162,878,171,53,57,0,14,0,14,0,14,10,17,0,14,0,14,532,109
13135050306,68611,58823,384600,207369,1919,167,1330,363,518,124,1425,326,680,214,499,205,0,14,0,14,0,14,0,14,0,14,16,26,230,178
13135050315,64835,5096,377700,80054,1500,172,2752,486,1923,509,3768,725,1988,466,632,451,34,57,47,51,0,20,0,20,16,28,0,20,1051,469
13135050317,42480,17051,225000,76627,1623,94,1842,231,1567,239,2228,382,1543,323,380,226,0,14,47,66,0,14,0,14,10,17,20,32,228,143
13135050318,57240,18901,227800,33902,1748,90,1384,189,1125,174,1509,278,908,231,178,143,0,14,153,154,0,14,0,14,0,14,0,14,270,154
13135050321,170865,36057,614400,58840,2897,924,1839,265,84,62,2333,349,1471,279,152,98,10,16,0,20,0,20,0,20,0,20,20,23,680,147
13135050322,193333,30112,595000,22862,2981,851,1464,130,118,97,1957,271,1181,196,154,99,0,14,8,15,0,14,0,14,12,19,9,13,593,173
13135050331,68920,21248,300900,146842,1567,140,930,134,771,156,1199,218,893,204,135,103,0,14,10,16,0,14,0,14,25,39,0,14,136,83
13135050332,58705,17835,317800,48281,1610,101,1395,259,962,228,1582,335,928,323,325,160,42,41,0,14,0,14,0,14,6,13,30,29,251,152
13135050335,66522,6068,417300,46758,1765,111,1409,228,853,232,1375,275,857,239,44,56,9,14,41,60,0,14,0,14,74,89,45,54,305,160
13135050336,102516,12493,410800,29660,2131,275,1723,223,250,103,2064,334,1290,292,25,30,0,14,0,14,0,14,0,14,32,39,16,27,701,211
13135050456,33090,8556,-666666666,-222222222,1748,48,1750,432,1468,440,1701,341,1049,334,312,214,0,14,9,17,0,14,0,14,0,14,0,14,331,179
