source_unit,name,age,description,geomaterial
52|ms1,Amphibolitic schist,Precambrian to Paleozoic,,"Medium and high-grade regional metamorphic rock, of unspecified origin"
52|bg3,Biotite gneiss / Hornblende gneiss / Granite gneiss,Precambrian and/or Paleozoic,,"Medium and high-grade regional metamorphic rock, of unspecified origin"
52|To,Ocala Limestone,Eocene,"Generally covered with Oligocene and Eocene residuum (Flint River Formation of Cooke, 1939); includes up-dip area, Tivola Limestone of Connell (1955). (*)- outcrops of Ocala Limestone on Dougherty Plain.",Limestone
52|mm10,Amphibolite / Metagraywacke / Mica schist,Precambrian to Paleozoic,,"Medium and high-grade regional metamorphic rock, of unspecified origin"
52|Qas,Formless deposits,Quaternary,,Eolian sediment
52|um,"Ultramafic rocks, undifferentiated",Precambrian to Paleozoic,,Ultramafic intrusive igneous rock
52|gr5,Syenite,Precambrian and/or Paleozoic,,"Coarse-grained, felsic-composition intrusive igneous rock"
52|Mls,Lavender Shale Member,Mississippian,,Mudstone
52|Tm,Miccosukee Formation,Neogene,,Sandstone and mudstone
52|bg4,Biotite gneiss / Mica schist,Precambrian and/or Paleozoic,,"Medium and high-grade regional metamorphic rock, of unspecified origin"
52|CAcr,Copper Ridge Dolomite,Cambrian,,Dolomite
52|ms3,Amphibolitic schist / Amphibolite-metagraywacke / Mica schist,Precambrian to Paleozoic,,"Medium and high-grade regional metamorphic rock, of unspecified origin"
52|q2,Quartzite / Biotite granite gneiss,Precambrian to Paleozoic,,"Medium and high-grade regional metamorphic rock, of unspecified origin"
52|gg1,"Granitic gneiss, undifferentiated",Precambrian and/or Paleozoic,,"Medium and high-grade regional metamorphic rock, of unspecified origin"
52|CAs,Shady Dolomite,Cambrian,,Dolomite
52|PNls,Sewanee Sandstone,Pennsylvanian,,Mostly sandstone
52|Qal,Stream alluvium,Quaternary,Stream alluvium and undifferentiated terrace deposits,Alluvial sediment
52|fg2,"Biotitic gneiss, undifferentiated",Precambrian and/or Paleozoic,,"Medium and high-grade regional metamorphic rock, of unspecified origin"
52|q1a,Quartzite / Mica schist,Precambrian to Paleozoic,,"Schist and gneiss, of sedimentary-rock origin"
52|gr1b,Porphyritic granite,Precambrian and/or Paleozoic,,"Coarse-grained, felsic-composition intrusive igneous rock"
52|Omb,Moccasin Limestone and Bays Formation,Ordovician,Includes Moccasin Limestone and Bays Formation.,Mostly carbonate rock
52|Tis,Sandersville Limestone,Eocene,,Mostly sandstone
52|Kt,Tuscaloosa Formation,Cretaceous,,Mostly sandstone
52|Qwi,Barrier island facies,Pleistocene,,"Coastal zone sediment, mostly coarse-grained"
52|bg2,Biotite gneiss / Amphibolite,Precambrian and/or Paleozoic,,"Medium and high-grade regional metamorphic rock, of unspecified origin"
52|q1d,Quartzite / Phyllite,Precambrian to Paleozoic,,Metasedimentary rock
52|v2,Metadacite,Precambrian to Paleozoic,,Meta-felsic and intermediate rock
52|Ol,Lenoir Limestone,Middle Ordovician,,Limestone
52|CAc,Shale unit,Cambrian,,Mostly mudstone
52|mm1,Amphibolite,Precambrian to Paleozoic,,"Medium and high-grade regional metamorphic rock, of unspecified origin"
52|mp3,Amphibolite / Ultramafic,Precambrian to Paleozoic,,Meta-ultramafic rock
52|v3,Felsic metavolcanics,Precambrian to Paleozoic,,Meta-volcaniclastic rock
52|pms6,Sericite schist,Precambrian to Paleozoic,,"Medium and high-grade regional metamorphic rock, of unspecified origin"
52|Qpam,Marsh and lagoonal facies,Pleistocene,,"Coastal zone sediment, mostly fine-grained"
52|fg1a,Biotite granite gneiss / Feldspathic biotite gneiss / Amphibolite hornblende gneiss,Precambrian and/or Paleozoic,,"Medium and high-grade regional metamorphic rock, of unspecified origin"
52|fg3,Biotitic gneiss / Mica schist / Amphibolite,Precambrian and/or Paleozoic,,"Medium and high-grade regional metamorphic rock, of unspecified origin"
52|pms6b,Sericite schist / Amphibolite / Granite gneiss,Precambrian to Paleozoic,,"Medium and high-grade regional metamorphic rock, of unspecified origin"
52|fg1,Biotite gneiss / Feldspathic biotite gneiss,Precambrian and/or Paleozoic,,"Medium and high-grade regional metamorphic rock, of unspecified origin"
52|d,Diabase,Precambrian to Paleozoic,,"Coarse-grained, mafic-composition intrusive igneous rock"
52|Tu2,Eocene undifferentiated,Eocene,Highly weathered sands and sandy clays of lower Tertiary age,Sandstone and mudstone
52|Dfm,Frog Mountain,Devonian,,Sandstone
52|pms6e,Quartz mica schist / Hornblende schist / Biotitic gneiss,Precambrian to Paleozoic,,"Medium and high-grade regional metamorphic rock, of unspecified origin"
52|Dc,Chattanooga Shale,Devonian,,Mudstone
52|pa2b,Sillimanite schist / Gneiss / Amphibolite,Precambrian to Paleozoic,,"Medium and high-grade regional metamorphic rock, of unspecified origin"
52|DMu,Devonian-Mississippian undivided,Devonian to Mississippian,"Includes Fort Payne Chert, Chattanooga Shale in Dade Co.; Fort Payne Chert at top, Chattanooga Shale in middle and Armuchee Shale at bottom in all areas except Polk Co. and Dade Co.; Fort Payne Chert, and Armuchee Chert in Polk Co. Chattanooga Shale (Dc)",Mostly mudstone
52|pm1,Metagraywacke undifferentiated,Precambrian to Paleozoic,,Metasedimentary rock
52|c1,Mylonite and ultramylonite,Age uncertain,,Deformation-related metamorphic rock
52|CAcls,Limestone unit,Cambrian,,Limestone
52|CAcm,Maynardville Limestone,Cambrian,,Limestone
52|Mh,Hartselle Sandstone member,Mississippian,Hartselle Sandstone member (Mh) in Floyd County,Sandstone
52|Qwm,Marsh and lagoonal facies,Pleistocene,,"Coastal zone sediment, mostly fine-grained"
52|c2,Flinty crush rock,Age uncertain,,Deformation-related metamorphic rock
52|ms2,Amphibolitic schist / Amphibolite,Precambrian to Paleozoic,,"Medium and high-grade regional metamorphic rock, of unspecified origin"
52|Kr,Ripley Formation,Cretaceous,,Sandstone and mudstone
52|Tcd,Charlton Formation and Duplin Marl,Pliocene,,Sedimentary material
52|Qhi,Barrier island facies,Holocene,,"Coastal zone sediment, mostly coarse-grained"
52|mm4,Hornblende gneiss / Amphibolite / Granite gneiss,Precambrian to Paleozoic,,"Medium and high-grade regional metamorphic rock, of unspecified origin"
52|pms6a,Sericite schist / Amphibolite,Precambrian to Paleozoic,,"Medium and high-grade regional metamorphic rock, of unspecified origin"
52|v1,Mafic to intermediate metavolcanic rocks,Precambrian to Paleozoic,,Meta-volcaniclastic rock
52|mm9,Amphibolite / Mica schist / Biotitic gneiss,Precambrian to Paleozoic,,"Medium and high-grade regional metamorphic rock, of unspecified origin"
52|pa2,Sillimanite schist,Precambrian to Paleozoic,,"Medium and high-grade regional metamorphic rock, of unspecified origin"
52|gr1a,Non-porphyritic granite,Precambrian and/or Paleozoic,,"Coarse-grained, felsic-composition intrusive igneous rock"
52|Kb,Blufftown Formation,Cretaceous,,Sandstone and mudstone
52|mm3,Hornblende gneiss / Amphibolite,Precambrian to Paleozoic,,"Medium and high-grade regional metamorphic rock, of unspecified origin"
52|pms1,Mica schist,Precambrian to Paleozoic,,"Medium and high-grade regional metamorphic rock, of unspecified origin"
52|q1,Quartzite,Precambrian to Paleozoic,,Quartzite
52|Tcl,Clinchfield Sand,Eocene,,Mostly sandstone
52|q1c,Quartzite / Metagraywacke,Precambrian to Paleozoic,,Metasedimentary rock
52|mm2,Hornblende gneiss,Precambrian to Paleozoic,,"Medium and high-grade regional metamorphic rock, of unspecified origin"
52|pm3,Metagraywacke / Mica schist / Calc-silicate gneiss,Precambrian to Paleozoic,,"Medium and high-grade regional metamorphic rock, of unspecified origin"
52|Ml,Unnamed limestone member,Mississippian,"Floyd Shale; unnamed limestone member (Ml in Floyd County) at the base",Limestone
52|CAcd,Dolostone member,Cambrian,,Dolomite
52|Ti,Irwinton Sand,Eocene,"Up-dip equivalent of Twiggs Clay, Sandersville Limestone, and Cooper Marl. As mapped, also includes younger clastics of indefinite Late Tertiary age.",Mostly sandstone
52|CAcs,Shale and sandstone unit,Cambrian,,Sandstone and mudstone
52|pms4,Mica schist / Quartzite / Gneiss / Amphibolite,Precambrian to Paleozoic,,"Medium and high-grade regional metamorphic rock, of unspecified origin"
52|Kc,Cusseta Sand,Cretaceous,,Mostly sandstone
52|pms6d,Quartz sericite schist / Biotitic gneiss,Precambrian to Paleozoic,,"Medium and high-grade regional metamorphic rock, of unspecified origin"
52|Ticm,Cooper Marl,Eocene,"It is now recognized that this unit is not the precise lithologic or biostratigraphic equivalent of type Cooper Marl (Huddlestun, Marsalis & Pickering, 1974).",Carbonate sediment
52|Ke,Eutaw Formation,Cretaceous,,Sandstone and mudstone
52|OCAk,"Knox Group, undifferentiated",Ordovician to Cambrian,,Carbonate rock
52|TKu,Lower Tertiary-Cretaceous undifferentiated,Lower Tertiary to Cretaceous,"As mapped includes Middendorf Formation (Sloan, 1904); ""Channel Sands"" (LaMoreaux, 1946); Tuscaloosa Formation (Cooke, 1939); and ""Huber beds"" (Buie, informal terminology)",Clastic sedimentary rock
52|Tpps,Pleistocene-Pliocene sands and gravels,Pleistocene to Pliocene,"Includes, in part, Sunderland, Coharie, and Brandywine ""Formations"" of Cooke, 1939",Sand and gravel of unspecified origin
52|pm4,Mica schist / Metasiltstone,Precambrian to Paleozoic,,Metasedimentary rock
52|Qpni,Barrier island facies,Pleistocene,,"Coastal zone sediment, mostly coarse-grained"
52|q3,Epidote quartzite / Amphibolite / Sericite schist / Biotite granite gneiss,Precambrian to Paleozoic,,"Medium and high-grade regional metamorphic rock, of unspecified origin"
52|mp2,Gabbro,Precambrian to Paleozoic,,"Coarse-grained, mafic-composition intrusive igneous rock"
52|pms8,Cross-biotite schist,Precambrian to Paleozoic,,"Medium and high-grade regional metamorphic rock, of unspecified origin"
52|pa1,Aluminous schist,Precambrian to Paleozoic,,"Medium and high-grade regional metamorphic rock, of unspecified origin"
52|gr1,"Granite, undifferentiated",Precambrian and/or Paleozoic,,"Coarse-grained, felsic-composition intrusive igneous rock"
52|Mfp,Fort Payne Chert,Mississippian,,Chert
52|CAcdl,Lower dolostone unit,Cambrian,,Dolomite
52|m2,Calcareous mica schist / Micaceous marble / Mica schist,Precambrian to Paleozoic,,Metasedimentary rock
52|PNlg,Gizzard Formation,Pennsylvanian,,Sandstone and mudstone
52|pm3a,Metagraywacke / Mica schist-quartzite / Amphibolite,Precambrian to Paleozoic,,Metasedimentary rock
52|Tru,"Eocene and Oligocene Residuum, undifferentiated",Eocene to Oligocene,,Residual material
52|CAch,Chilhowee Formation,Cambrian,"Includes Weisner Formation of Kesler, 1950",Sandstone and mudstone
52|Tu1,Neogene undifferentiated,Neogene,"Includes Altamaha Grit (Dall, 1892); Citronelle Formation (Matson & Berry, 1916); and ""Hawthorn Formation"" (Cooke, 1939). (*) - outcrops of indurated sandstone and claystone",Sandstone and mudstone
52|gr2,Granite / Granite gneiss,Precambrian and/or Paleozoic,,"Coarse-grained, felsic-composition intrusive igneous rock"
52|Qpmm,Marsh and lagoonal facies,Pleistocene,,"Coastal zone sediment, mostly fine-grained"
52|fg4,Biotitic gneiss / Amphibolite,Precambrian and/or Paleozoic,,"Medium and high-grade regional metamorphic rock, of unspecified origin"
52|Tli,Lisbon Formation,Eocene,,Mostly sandstone
52|mm5,Hornblende-biotite gneiss / Amphibolite,Precambrian to Paleozoic,,"Medium and high-grade regional metamorphic rock, of unspecified origin"
52|Oum,Upper and Middle Ordovician rocks,Ordovician,"Includes Sequatchie Limestone, Murfreesboro Limestone, Ridley Limestone, Moccasin Limestone and Bays Formation.",Mostly carbonate rock
52|Qpmi,Barrier island facies,Pleistocene,,"Coastal zone sediment, mostly coarse-grained"
52|Ttw,Twiggs Clay,Eocene,,Mostly mudstone
52|Qpd,Parabolic dunes,Quaternary,,Dune sand
52|pms6c,Sericite schist / Micaceous quartzite / Sericite phyllite,Precambrian to Paleozoic,,"Medium and high-grade regional metamorphic rock, of unspecified origin"
52|gg6,Granite gneiss / Granite,Precambrian and/or Paleozoic,,"Medium and high-grade regional metamorphic rock, of unspecified origin"
52|Ts,Suwannee Limestone and its residuum,Oligocene,"As mapped, includes Chattahoochee Limestone in Seminole and Decatur Cos.; Flint River Formation, in part, (Cooke, 1939); Jacksonboro Limestone in Screven Co.; and Glendon and Marianna Limestones in Pulaski Co.",Limestone
52|pms3a,Mica schist / Gneiss / amphibolite,Precambrian to Paleozoic,,"Medium and high-grade regional metamorphic rock, of unspecified origin"
52|Or,Rockmart Slate,Middle Ordovician,,"Slate and phyllite, of sedimentary-rock origin"
52|Oh,Holston Limestone,Ordovician,,Limestone
52|v5,Meta-argillite / Sericite phyllite / Metavolcanics,Precambrian to Paleozoic,,Metamorphic rock
52|pp3,Phyllite and quartzite,Precambrian to Paleozoic,,Metasedimentary rock
52|Och,Chota Formation,Ordovician,,Mostly carbonate rock
52|Srm,Red Mountain Formation,Silurian,,Sandstone and mudstone
52|pg2,Garnet mica schist / Gneiss,Precambrian to Paleozoic,,"Medium and high-grade regional metamorphic rock, of unspecified origin"
52|Qpnm,Marsh and lagoonal facies,Pleistocene,,"Coastal zone sediment, mostly fine-grained"
52|pa2a,Sillimanite schist / Gneiss,Precambrian to Paleozoic,,"Medium and high-grade regional metamorphic rock, of unspecified origin"
52|Tnf,Nanafalia Formation,Paleocene,,Mostly sandstone
52|CAcsl,Limestone and shale unit,Cambrian,Includes limestone and shale unit (Ccsl).  Possible equivalent of the Maryville Limestone and Nolichucky Shale of Tennessee with a dolostone member (Ccd).,Mostly carbonate rock
52|Tta,Tallahatta Formation,Eocene,,Mostly carbonate rock
52|PNu,"Pennsylvanian, undifferentiated",Pennsylvanian,,Clastic sedimentary rock
52|CAr,Rome Formation,Cambrian,,Sandstone and mudstone
52|pa2c,Sillimanite schist / Amphibolite,Precambrian to Paleozoic,,"Medium and high-grade regional metamorphic rock, of unspecified origin"
52|gr2a,Granite / Gneissic biotite granite,Precambrian and/or Paleozoic,,"Coarse-grained, felsic-composition intrusive igneous rock"
52|pp1a,Meta-argillite / Phyllite,Precambrian to Paleozoic,,Metasedimentary rock
52|pm6,Conglomerate,Precambrian to Paleozoic,,Metasedimentary rock
52|mu,Undifferentiated pelitic rocks,Precambrian to Paleozoic,"Includes mica schists, metasiltstones, metaconglomerates, and metagraywackes",Metasedimentary rock
52|Tmb,McBean Formation,Eocene,,Mostly mudstone
52|pm2,Metagraywacke / Mica schist,Precambrian to Paleozoic,,"Medium and high-grade regional metamorphic rock, of unspecified origin"
52|Tcu,Claiborne undifferentiated,Eocene,Up-dip equivalent of Lisbon and Tallahatta Formations,Sandstone and mudstone
52|Mfs,Floyd Shale,Mississippian,Includes the Hartselle Sandstone Member (Mh) in Floyd County and an unnamed limestone member (Ml in Floyd County) at the base,Mostly mudstone
52|Mu,"Mississippian, undifferentiated",Mississippian,"Includes Pennington Shale, Bangor Limestone (except in Floyd County), Hartselle Sandstone, Golconda Formation, Gasper Limestone, Ste. Genevieve Limestone and St. Louis Limestone",Mostly carbonate rock
52|Kcbe,"Cusseta, Blufftown, and Eutaw Formations, undifferentiated",Cretaceous,,Sandstone and mudstone
52|Tc,Clayton Formation,Paleocene,,Mostly sandstone
52|gg5,Calc-silicate granite gneiss,Precambrian and/or Paleozoic,,"Medium and high-grade regional metamorphic rock, of unspecified origin"
52|Th,Hawthorn Formation,Miocene,"Includes Marks Head Formation; Parachucia Beds (Sloan, 1905); and Alum Bluff Formation (Veatch and Stephenson, 1911).",Carbonate sediment
52|pg3,Garnet mica schist / Amphibolite,Precambrian to Paleozoic,,"Medium and high-grade regional metamorphic rock, of unspecified origin"
52|gg4,Granite gneiss / Amphibolite,Precambrian and/or Paleozoic,,"Medium and high-grade regional metamorphic rock, of unspecified origin"
52|pms5,Graphite schist,Precambrian to Paleozoic,,"Medium and high-grade regional metamorphic rock, of unspecified origin"
52|Oa,Athens Shale,Middle Ordovician,Includes the Athens Shale (Oa),Mostly mudstone
52|pp1,Phyllite undifferentiated,Precambrian to Paleozoic,,"Slate and phyllite, of sedimentary-rock origin"
52|Qpai,Barrier island facies,Pleistocene,,"Coastal zone sediment, mostly coarse-grained"
52|pg1,Garnet mica schist,Precambrian to Paleozoic,,"Medium and high-grade regional metamorphic rock, of unspecified origin"
52|mm7,Amphibolite / Epidote quartzite / Granite gneiss,Precambrian to Paleozoic,,"Medium and high-grade regional metamorphic rock, of unspecified origin"
52|gg3,Muscovite granite gneiss,Precambrian and/or Paleozoic,,"Medium and high-grade regional metamorphic rock, of unspecified origin"
52|pms2,Mica schist / Amphibolite,Precambrian to Paleozoic,,"Medium and high-grade regional metamorphic rock, of unspecified origin"
52|v4,Undifferentiated metavolcanics / Sericite phyllite / Meta-argillite / Quartz mica schist,Precambrian to Paleozoic,,Metamorphic rock
52|Qhm,Marsh and lagoonal facies,Holocene,,"Coastal zone sediment, mostly fine-grained"
52|gr3,Granite / Biotitic gneiss / Amphibolite,Precambrian and/or Paleozoic,,"Coarse-grained, felsic-composition intrusive igneous rock"
52|Tcn,"Nanafalia, Porters Creek, and Clayton Formations, undifferentiated",Paleocene,,Clastic sediment
52|pp2,Graphitic phyllite,Precambrian to Paleozoic,,"Slate and phyllite, of sedimentary-rock origin"
52|Oc,"Chickamauga Group, undivided",Ordovician,,Mostly carbonate rock
52|mm8,Amphibolite / Biotitic gneiss / Quartz sericite schist,Precambrian to Paleozoic,,"Medium and high-grade regional metamorphic rock, of unspecified origin"
52|Mb,Bangor Limestone,Mississippian,,Limestone
52|pms7,Button mica schist,Precambrian to Paleozoic,,"Medium and high-grade regional metamorphic rock, of unspecified origin"
52|Kp,Providence Sand,Cretaceous,Includes Perote Member,Sandstone
52|bg1,Biotite gneiss,Precambrian and/or Paleozoic,,"Medium and high-grade regional metamorphic rock, of unspecified origin"
52|pm5,Slate / Quartzite / Conglomerate,Precambrian to Paleozoic,,Metasedimentary rock
52|Qsbi,Silver Bluff shoreline complex,Pleistocene,,Coastal zone sediment
52|Ttu,Tuscahoma Sand,Paleocene,As mapped includes lower Eocene Bashi Marl Member of the Hatchetigbee Formation,Mostly sandstone
52|m1,Marble,Precambrian to Paleozoic,,Meta-carbonate rock
52|Da,Armuchee Chert,Devonian,,Chert
52|water,water,Modern,water,Water or ice
52|gg2,Granitic gneiss / Gneissic granite (augen or porphyritic),Precambrian and/or Paleozoic,,"Medium and high-grade regional metamorphic rock, of unspecified origin"
52|pms3,Mica schist / Gneiss,Precambrian to Paleozoic,,"Medium and high-grade regional metamorphic rock, of unspecified origin"
52|Qtm,Marsh and lagoonal facies,Pleistocene,,"Coastal zone sediment, mostly fine-grained"
52|Qti,Barrier island facies,Pleistocene,,"Coastal zone sediment, mostly coarse-grained"
52|mp1,Amphibolite / Gabbro,Precambrian to Paleozoic,,Igneous and metamorphic rock
52|gr4,Charnockite,Precambrian and/or Paleozoic,,"Coarse-grained, felsic-composition intrusive igneous rock"
52|mm11,Mafic hornfels,Precambrian to Paleozoic,,Contact-metamorphic rock
52|On,Newala Limestone,Ordovician,,Limestone
52|mm6,Hornblende gneiss / Granite gneiss / Biotite gneiss,Precambrian to Paleozoic,,"Medium and high-grade regional metamorphic rock, of unspecified origin"
52|q1b,Quartzite / Mica schist / Amphibolite,Precambrian to Paleozoic,,"Medium and high-grade regional metamorphic rock, of unspecified origin"
